Code établissement;Appellation officielle;Trie coll/lycée;coll_0_lyc_1;Dénomination principale;Patronyme uai;Secteur Public/Privé;Adresse;Lieu dit;Boite postale;Code postal;Localite d'acheminement;Commune;Coordonnee X;Coordonnee Y;EPSG;Latitude;Longitude;Qualité d'appariement;Localisation;Code nature;Nature;Code état établissement;Etat établissement;Code département;Code région;Code académie;Code commune;Département;Région;Académie;Position;secteur_prive_code_type_contrat;secteur_prive_libelle_type_contrat;code_ministere;libelle_ministere;date_ouverture;pos geo;poi
0910042B;Collège Jean Zay;Collège;0.0;COLLEGE;JEAN ZAY;Public;8 rue Jules Vallès;;;91390;MORSANG SUR ORGE;Morsang-sur-Orge;651960.6;6839129.1;EPSG:2154;48.6505508484018;2.34784932036499;Parfaite;Numéro de rue;340.0;COLLEGE;1.0;OUVERT;091;11;25;91434;Essonne;Ile-de-France;Versailles;48.65055084840178. 2.3478493203649857;99.0;SANS OBJET;06;MINISTERE DE L'EDUCATION NATIONALE;1965-05-01;48.6505508484018, 2.34784932036499;45.770182, 4.864049
0910756C;Lycée professionnel Louis Armand. lycée des métiers administratifs et commerciaux;Lycèe;1.0;LP LYCEE DES METIERS;LOUIS ARMAND;Public;9 rue Pierre de Coubertin;;;91330;YERRES;Yerres;661674;6846099.8;EPSG:2154;48.7138966060226;2.47908335606208;Parfaite;Numéro de rue;320.0;LYCEE PROFESSIONNEL;1.0;OUVERT;091;11;25;91691;Essonne;Ile-de-France;Versailles;48.71389660602255. 2.4790833560620764;99.0;SANS OBJET;06;MINISTERE DE L'EDUCATION NATIONALE;1967-10-05;48.7138966060226, 2.47908335606208;42.66673, 2.613893
0910829G;Collège privé Saint-Spire;Collège;0.0;COLLEGE PRIVE;SAINT-SPIRE;Privé;7 rue de la Quarantaine;;;91100;CORBEIL ESSONNES;Corbeil-Essonnes;662040.7;6834582.3;EPSG:2154;48.6103236753231;2.48508809732037;Parfaite;Numéro de rue;340.0;COLLEGE;1.0;OUVERT;091;11;25;91174;Essonne;Ile-de-France;Versailles;48.610323675323095. 2.485088097320374;30.0;CONTRAT D'ASSOCIATION TOUTES CLASSES;06;MINISTERE DE L'EDUCATION NATIONALE;1968-04-01;48.6103236753231, 2.48508809732037;45.989283, 4.724988
0910830H;Collège privé Notre-Dame;Collège;0.0;COLLEGE PRIVE;NOTRE-DAME;Privé;3 avenue Gambetta;;;91210;DRAVEIL;Draveil;656532.9;6842848.1;EPSG:2154;48.6843246620088;2.40953984648207;Parfaite;Numéro de rue;340.0;COLLEGE;1.0;OUVERT;091;11;25;91201;Essonne;Ile-de-France;Versailles;48.684324662008805. 2.4095398464820703;30.0;CONTRAT D'ASSOCIATION TOUTES CLASSES;06;MINISTERE DE L'EDUCATION NATIONALE;1968-04-01;48.6843246620088, 2.40953984648207;48.826457, 2.198292
0910860R;Collège Jules Ferry;Collège;0.0;COLLEGE;JULES FERRY;Public;99 avenue Pierre Sémart;;;91700;STE GENEVIEVE DES BOIS;Sainte-Geneviève-des-Bois;649855.4;6838621.7;EPSG:2154;48.6458272222051;2.31933129822276;Correcte;Numéro de rue;340.0;COLLEGE;1.0;OUVERT;091;11;25;91549;Essonne;Ile-de-France;Versailles;48.64582722220511. 2.3193312982227563;99.0;SANS OBJET;06;MINISTERE DE L'EDUCATION NATIONALE;1968-07-09;48.6458272222051, 2.31933129822276;49.656085, 3.375418
0911015J;Collège privé Jeanne d'Arc;Collège;0.0;COLLEGE PRIVE;JEANNE D ARC;Privé;26 rue d'Etampes;;;91410;DOURDAN;Dourdan;627153.5;6825780.5;EPSG:2154;48.5281672459666;2.01337800437742;Parfaite;Numéro de rue;340.0;COLLEGE;1.0;OUVERT;091;11;25;91200;Essonne;Ile-de-France;Versailles;48.528167245966614. 2.0133780043774245;30.0;CONTRAT D'ASSOCIATION TOUTES CLASSES;06;MINISTERE DE L'EDUCATION NATIONALE;1970-01-15;48.5281672459666, 2.01337800437742;48.43429, 2.161876
0911027X;Collège Michel Richard Delalande;Collège;0.0;COLLEGE;MICHEL RICHARD DELALANDE;Public;4 rue G. Anthonioz de Gaulle;;;91200;ATHIS MONS;Athis-Mons;655474.5;6845940;EPSG:2154;48.7120617528529;2.39484114101962;Parfaite;Numéro de rue;340.0;COLLEGE;1.0;OUVERT;091;11;25;91027;Essonne;Ile-de-France;Versailles;48.71206175285292. 2.394841141019621;99.0;SANS OBJET;06;MINISTERE DE L'EDUCATION NATIONALE;1970-03-20;48.7120617528529, 2.39484114101962;49.416673, 1.050454
0911029Z;Collège Pablo Picasso;Collège;0.0;COLLEGE;PABLO PICASSO;Public;32 rue du Pont Neuf;;;91160;SAULX LES CHARTREUX;Saulx-les-Chartreux;647000.2;6843608.8;EPSG:2154;48.6904550715864;2.27995928362454;Parfaite;Numéro de rue;340.0;COLLEGE;1.0;OUVERT;091;11;25;91587;Essonne;Ile-de-France;Versailles;48.690455071586435. 2.2799592836245415;99.0;SANS OBJET;06;MINISTERE DE L'EDUCATION NATIONALE;1970-03-20;48.6904550715864, 2.27995928362454;43.265601, 2.360099
0911341N;Collège La Tuilerie;Collège;0.0;COLLEGE;LA TUILERIE;Public;Avenue Charles de Gaulle;;;91250;ST GERMAIN LES CORBEIL;Saint-Germain-lès-Corbeil;662630.3;6835558.7;EPSG:2154;48.6191406102105;2.49300066659581;Correcte;Rue;340.0;COLLEGE;1.0;OUVERT;091;11;25;91553;Essonne;Ile-de-France;Versailles;48.6191406102105. 2.4930006665958073;99.0;SANS OBJET;06;MINISTERE DE L'EDUCATION NATIONALE;1973-03-29;48.6191406102105, 2.49300066659581;48.82659, 2.189216
0911572P;Collège Saint-Exupéry;Collège;0.0;COLLEGE;SAINT EXUPERY;Public;Chemin de Paris;;;91630;MAROLLES EN HUREPOIX;Marolles-en-Hurepoix;648835.8;6829463.2;EPSG:2154;48.5633683786895;2.30658352059497;Correcte;Rue;340.0;COLLEGE;1.0;OUVERT;091;11;25;91376;Essonne;Ile-de-France;Versailles;48.5633683786895. 2.3065835205949736;99.0;SANS OBJET;06;MINISTERE DE L'EDUCATION NATIONALE;1977-03-11;48.5633683786895, 2.30658352059497;48.999819, 2.064794
0911577V;Lycée général et technologique Jacques Prévert;Lycèe;1.0;LYCEE GENERAL ET TECHNOLOGIQUE;JACQUES PREVERT;Public;23 rue Jules Ferry;;254;91162;LONGJUMEAU CEDEX;Longjumeau;648252.6;6843169;EPSG:2154;48.6866009397484;2.29702632768824;Parfaite;Numéro de rue;300.0;LYCEE ENSEIGNT GENERAL ET TECHNOLOGIQUE;1.0;OUVERT;091;11;25;91345;Essonne;Ile-de-France;Versailles;48.68660093974844. 2.2970263276882408;99.0;SANS OBJET;06;MINISTERE DE L'EDUCATION NATIONALE;1977-03-22;48.6866009397484, 2.29702632768824;48.663056, 2.562133
0911940P;Collège Emile Auvray;Collège;0.0;COLLEGE;EMILE AUVRAY;Public;12 avenue de Paris;;;91410;DOURDAN;Dourdan;627576.3;6825981.2;EPSG:2154;48.5300199289824;2.01906998653233;Parfaite;Numéro de rue;340.0;COLLEGE;1.0;OUVERT;091;11;25;91200;Essonne;Ile-de-France;Versailles;48.53001992898236. 2.0190699865323327;99.0;SANS OBJET;06;MINISTERE DE L'EDUCATION NATIONALE;1989-09-01;48.5300199289824, 2.01906998653233;48.874189, 2.530852
0912142J;Lycée polyvalent Gaspard Monge. lycée des métiers de l'automobile et de la logistique;Lycèe;1.0;LPO LYCEE DES METIERS;GASPARD MONGE;Public;1 place Gaspard Monge;;;91600;SAVIGNY SUR ORGE;Savigny-sur-Orge;651899.7;6843042.5;EPSG:2154;48.6857449160532;2.3465830136762;Parfaite;Numéro de rue;306.0;LYCEE POLYVALENT;1.0;OUVERT;091;11;25;91589;Essonne;Ile-de-France;Versailles;48.68574491605321. 2.346583013676203;99.0;SANS OBJET;06;MINISTERE DE L'EDUCATION NATIONALE;1998-09-01;48.6857449160532, 2.3465830136762;48.653885, 2.561073
0912173T;Collège Galilée;Collège;0.0;COLLEGE;GALILEE;Public;10 place des Fédérés;EVRY COURCOURONNES;149;91000;EVRY COURCOURONNES;Evry-Courcouronnes;659096.2;6835631.4;EPSG:2154;48.619580772282;2.44504767435564;Parfaite;Numéro de rue;340.0;COLLEGE;1.0;OUVERT;091;11;25;91228;Essonne;Ile-de-France;Versailles;48.61958077228199. 2.445047674355642;99.0;SANS OBJET;06;MINISTERE DE L'EDUCATION NATIONALE;2000-09-01;48.619580772282, 2.44504767435564;48.840112, 2.542334
0912337W;Ecole secondaire privée Educ' Etic;Lycèe;1.0;ECOLE SECONDAIRE PRIVEE;EDUC' ETIC;Privé;12 rue René Cassin;;;91300;MASSY;Massy;647437.8;6847199.5;EPSG:2154;48.7227856543455;2.28546264890801;Parfaite;Numéro de rue;340.0;COLLEGE;1.0;OUVERT;091;11;25;91377;Essonne;Ile-de-France;Versailles;48.722785654345536. 2.285462648908008;10.0;HORS CONTRAT;06;MINISTERE DE L'EDUCATION NATIONALE;2014-09-01;48.7227856543455, 2.28546264890801;48.192357, -2.197102
0912384X;Lycée général et technologique Jeanne d'Arc;Lycèe;1.0;LYCEE GEN. ET TECHNOL. PRIVE;JEANNE D'ARC;Privé;31 rue Alfred Leblanc;;;91220;BRETIGNY SUR ORGE;Brétigny-sur-Orge;648590.2;6834119.8;EPSG:2154;48.6052348545242;2.30269783752306;Parfaite;Numéro de rue;300.0;LYCEE ENSEIGNT GENERAL ET TECHNOLOGIQUE;1.0;OUVERT;091;11;25;91103;Essonne;Ile-de-France;Versailles;48.605234854524156. 2.302697837523065;30.0;CONTRAT D'ASSOCIATION TOUTES CLASSES;06;MINISTERE DE L'EDUCATION NATIONALE;2018-06-01;48.6052348545242, 2.30269783752306;48.605235, 2.302698
0912393G;Ecole secondaire privée à l'ére libre;Lycèe;1.0;ECOLE SECONDAIRE PRIVEE;A L'ERE LIBRE;Privé;19 rue de l'Alun;;;91150;ETAMPES;Etampes;638790.7;6814984.5;EPSG:2154;48.4322547481763;2.17251007957914;Parfaite;Numéro de rue;340.0;COLLEGE;1.0;OUVERT;091;11;25;91223;Essonne;Ile-de-France;Versailles;48.432254748176305. 2.172510079579137;10.0;HORS CONTRAT;06;MINISTERE DE L'EDUCATION NATIONALE;2018-09-01;48.4322547481763, 2.17251007957914;48.56614, 2.292196
0912433A;Lycée International-Palaiseau-Paris-Saclay;Lycèe;1.0;LYCEE GENERAL ET TECHNOLOGIQUE;INTERNATIONAL-PALAISEAU-PARIS-SACLAY;Public;19 cours Pierre Brasseur;;;91120;PALAISEAU;Palaiseau;641054.8;6846236.8;EPSG:2154;48.7135762379455;2.19882973385611;Correcte;Rue;300.0;LYCEE ENSEIGNT GENERAL ET TECHNOLOGIQUE;1.0;OUVERT;091;11;25;91477;Essonne;Ile-de-France;Versailles;48.713576237945524. 2.198829733856112;99.0;SANS OBJET;06;MINISTERE DE L'EDUCATION NATIONALE;2021-06-01;48.7135762379455, 2.19882973385611;43.590401, 3.861531
0910025H;Collège Wolfgang Amadeus Mozart;Collège;0.0;COLLEGE;WOLFGANG AMADEUS MOZART;Public;5 chemin de la Forge;;;91201;ATHIS MONS CEDEX;Athis-Mons;654984.9;6845131.7;EPSG:2154;48.7047578810976;2.38827221798328;Parfaite;Numéro de rue;340.0;COLLEGE;1.0;OUVERT;091;11;25;91027;Essonne;Ile-de-France;Versailles;48.70475788109761. 2.38827221798328;99.0;SANS OBJET;06;MINISTERE DE L'EDUCATION NATIONALE;1965-05-01;48.7047578810976, 2.38827221798328;47.163377, 4.647534
0910041A;Collège Michel Vignaud;Collège;0.0;COLLEGE;MICHEL VIGNAUD;Public;3 rue Jack Eraste;;60;91421;MORANGIS CEDEX;Morangis;650982;6844923.6;EPSG:2154;48.7025948888707;2.33390157617062;Parfaite;Numéro de rue;340.0;COLLEGE;1.0;OUVERT;091;11;25;91432;Essonne;Ile-de-France;Versailles;48.70259488887068. 2.333901576170617;99.0;SANS OBJET;06;MINISTERE DE L'EDUCATION NATIONALE;1965-05-01;48.7025948888707, 2.33390157617062;48.702595, 2.333902
0910622G;Lycée polyvalent Geoffroy-Saint-Hilaire;Lycèe;1.0;LYCEE POLYVALENT;GEOFFROY-SAINT-HILAIRE;Public;4 avenue Geoffroy Saint-Hilaire;;;91150;ETAMPES;Etampes;637145.9;6815392;EPSG:2154;48.4357634113363;2.15021640034049;Parfaite;Numéro de rue;306.0;LYCEE POLYVALENT;1.0;OUVERT;091;11;25;91223;Essonne;Ile-de-France;Versailles;48.43576341133633. 2.1502164003404873;99.0;SANS OBJET;06;MINISTERE DE L'EDUCATION NATIONALE;1965-05-01;48.4357634113363, 2.15021640034049;43.112812, 6.128576
0910714G;Collège Albert Camus;Collège;0.0;COLLEGE;ALBERT CAMUS;Public;107 route de Brie;;93;91805;BRUNOY CEDEX;Brunoy;664669.2;6845278.5;EPSG:2154;48.706680449344;2.51986013592976;Parfaite;Numéro de rue;340.0;COLLEGE;1.0;OUVERT;091;11;25;91114;Essonne;Ile-de-France;Versailles;48.70668044934398. 2.5198601359297634;99.0;SANS OBJET;06;MINISTERE DE L'EDUCATION NATIONALE;1966-12-14;48.706680449344, 2.51986013592976;48.664569, 2.573611
0910752Y;Collège Le Chantemerle;Collège;0.0;COLLEGE;LE CHANTEMERLE;Public;9 boulevard Georges Michel;;;91100;CORBEIL ESSONNES;Corbeil-Essonnes;660801.8;6834091.3;EPSG:2154;48.6058333091827;2.46832795951958;Parfaite;Numéro de rue;340.0;COLLEGE;1.0;OUVERT;091;11;25;91174;Essonne;Ile-de-France;Versailles;48.6058333091827. 2.4683279595195793;99.0;SANS OBJET;06;MINISTERE DE L'EDUCATION NATIONALE;1967-10-05;48.6058333091827, 2.46832795951958;48.751498, 2.42966
0910826D;Lycée général et technologique privé Saint-Louis Saint-Clément;Lycèe;1.0;LYCEE GEN.ET TECHNOL.PRIVE;SAINT- LOUIS SAINT-CLEMENT;Privé;1 rue Margot;;;91170;VIRY CHATILLON;Viry-Châtillon;653734.6;6841391.8;EPSG:2154;48.6710319546923;2.37168650637133;Parfaite;Numéro de rue;300.0;LYCEE ENSEIGNT GENERAL ET TECHNOLOGIQUE;1.0;OUVERT;091;11;25;91687;Essonne;Ile-de-France;Versailles;48.671031954692324. 2.3716865063713346;30.0;CONTRAT D'ASSOCIATION TOUTES CLASSES;06;MINISTERE DE L'EDUCATION NATIONALE;1968-04-04;48.6710319546923, 2.37168650637133;48.639795, -1.904573
0910980W;Collège privé Moreau;Collège;0.0;COLLEGE PRIVE;MOREAU;Privé;28 grande rue;;;91310;MONTLHERY;Montlhéry;646275.3;6837655.5;EPSG:2154;48.6368492370343;2.27085837404463;Parfaite;Numéro de rue;340.0;COLLEGE;1.0;OUVERT;091;11;25;91425;Essonne;Ile-de-France;Versailles;48.636849237034255. 2.2708583740446335;31.0;CONTRAT ASSOCIATION PARTIE DES CLASSES;06;MINISTERE DE L'EDUCATION NATIONALE;1971-09-13;48.6368492370343, 2.27085837404463;48.659606, 2.268867
0910021D;Collège Le Village;Collège;0.0;COLLEGE;LE VILLAGE;Public;10 rue du Village;EVRY;;91000;EVRY COURCOURONNES;Evry-Courcouronnes;659112.4;6836837.3;EPSG:2154;48.6304286091463;2.44515249604894;Parfaite;Numéro de rue;340.0;COLLEGE;1.0;OUVERT;091;11;25;91228;Essonne;Ile-de-France;Versailles;48.63042860914635. 2.445152496048942;99.0;SANS OBJET;06;MINISTERE DE L'EDUCATION NATIONALE;1965-05-01;48.6304286091463, 2.44515249604894;48.975864, 1.713815
0911127F;Collège Mondetour;Collège;0.0;COLLEGE;MONDETOUR;Public;4 rue des Lorrains;;;91940;LES ULIS;Les Ulis;639620.8;6843015.3;EPSG:2154;48.6844697261444;2.17979530551945;Parfaite;Numéro de rue;340.0;COLLEGE;1.0;OUVERT;091;11;25;91692;Essonne;Ile-de-France;Versailles;48.68446972614442. 2.179795305519452;99.0;SANS OBJET;06;MINISTERE DE L'EDUCATION NATIONALE;1970-09-01;48.6844697261444, 2.17979530551945;47.394854, 0.784564
0910824B;Lycée général et technologique privé du Sacré-Coeur;Lycèe;1.0;LYCEE GEN.ET TECHNOL.PRIVE;SACRE COEUR;Privé;Passage de Graville;;;91620;LA VILLE DU BOIS;La Ville-du-Bois;646042.4;6840323.7;EPSG:2154;48.6608288245306;2.26736170007804;Correcte;Rue;300.0;LYCEE ENSEIGNT GENERAL ET TECHNOLOGIQUE;1.0;OUVERT;091;11;25;91665;Essonne;Ile-de-France;Versailles;48.6608288245306. 2.267361700078042;30.0;CONTRAT D'ASSOCIATION TOUTES CLASSES;06;MINISTERE DE L'EDUCATION NATIONALE;1968-04-04;48.6608288245306, 2.26736170007804;48.660829, 2.267362
0911143Y;Collège Alexandre Fleming;Collège;0.0;COLLEGE;ALEXANDRE FLEMING;Public;10 rue Alexandre Fléming;;6;91401;ORSAY CEDEX;Orsay;640074.5;6844147.2;EPSG:2154;48.6946923130479;2.18579949064429;Parfaite;Numéro de rue;340.0;COLLEGE;1.0;OUVERT;091;11;25;91471;Essonne;Ile-de-France;Versailles;48.69469231304786. 2.1857994906442877;99.0;SANS OBJET;06;MINISTERE DE L'EDUCATION NATIONALE;1971-03-15;48.6946923130479, 2.18579949064429;49.032581, 2.352926
0910838S;Lycée polyvalent privé Beth Rivkah;Lycèe;1.0;LYCEE POLYVALENT PRIVE;BETH RIVKAH;Privé;43 rue Raymond Poincaré;;;91330;YERRES;Yerres;663193.8;6845740.2;EPSG:2154;48.7107506934892;2.49977046578879;Parfaite;Numéro de rue;306.0;LYCEE POLYVALENT;1.0;OUVERT;091;11;25;91691;Essonne;Ile-de-France;Versailles;48.71075069348924. 2.499770465788787;31.0;CONTRAT ASSOCIATION PARTIE DES CLASSES;06;MINISTERE DE L'EDUCATION NATIONALE;1968-04-01;48.7107506934892, 2.49977046578879;49.412924, 5.78347
0911253T;Collège Pablo Neruda;Collège;0.0;COLLEGE;PABLO NERUDA;Public;4 venelle Louise Michel;;;91350;GRIGNY;Grigny;655151;6839417.9;EPSG:2154;48.6533776078206;2.39112804316055;Parfaite;Numéro de rue;340.0;COLLEGE;1.0;OUVERT;091;11;25;91286;Essonne;Ile-de-France;Versailles;48.653377607820595. 2.391128043160554;99.0;SANS OBJET;06;MINISTERE DE L'EDUCATION NATIONALE;1972-02-21;48.6533776078206, 2.39112804316055;48.653105, 2.391015
0910968H;Collège Alain Fournier;Collège;0.0;COLLEGE;ALAIN FOURNIER;Public;14 rue Alain Fournier;;112;91402;ORSAY CEDEX;Orsay;640926.2;6845174;EPSG:2154;48.7040057617519;2.1972288045182;Parfaite;Numéro de rue;340.0;COLLEGE;1.0;OUVERT;091;11;25;91471;Essonne;Ile-de-France;Versailles;48.70400576175186. 2.197228804518204;99.0;SANS OBJET;06;MINISTERE DE L'EDUCATION NATIONALE;1969-04-03;48.7040057617519, 2.1972288045182;47.063851, 3.936161
0911255V;Collège Albert Camus;Collège;0.0;COLLEGE;ALBERT CAMUS;Public;17 rue du Peuple la Lance;;;91290;LA NORVILLE;La Norville;644861.9;6831362.7;EPSG:2154;48.5801282771586;2.25248558202474;Parfaite;Numéro de rue;340.0;COLLEGE;1.0;OUVERT;091;11;25;91457;Essonne;Ile-de-France;Versailles;48.58012827715857. 2.252485582024741;99.0;SANS OBJET;06;MINISTERE DE L'EDUCATION NATIONALE;1972-02-21;48.5801282771586, 2.25248558202474;48.580128, 2.252486
0911038J;Collège Paul Bert;Collège;0.0;COLLEGE;PAUL BERT;Public;2 rue de la Liberté;;;91600;SAVIGNY SUR ORGE;Savigny-sur-Orge;652118.6;6842143.6;EPSG:2154;48.677676216175;2.34965708832937;Parfaite;Numéro de rue;340.0;COLLEGE;1.0;OUVERT;091;11;25;91589;Essonne;Ile-de-France;Versailles;48.67767621617499. 2.349657088329369;99.0;SANS OBJET;06;MINISTERE DE L'EDUCATION NATIONALE;1970-03-20;48.677676216175, 2.34965708832937;47.439488, 5.589143
0910057T;Collège Jean Moulin;Collège;0.0;COLLEGE;JEAN MOULIN;Public;6 allée des Dauphines;;;91370;VERRIERES LE BUISSON;Verrières-le-Buisson;645273.4;6849563;EPSG:2154;48.7438626858693;2.25573839246598;Parfaite;Numéro de rue;340.0;COLLEGE;1.0;OUVERT;091;11;25;91645;Essonne;Ile-de-France;Versailles;48.743862685869274. 2.2557383924659766;99.0;SANS OBJET;06;MINISTERE DE L'EDUCATION NATIONALE;1965-05-01;48.7438626858693, 2.25573839246598;48.743863, 2.255738
0911042N;Collège Paul Eluard;Collège;0.0;COLLEGE;PAUL ELUARD;Public;Rue Léo Lagrange;;;91700;STE GENEVIEVE DES BOIS;Sainte-Geneviève-des-Bois;651616.5;6836884.6;EPSG:2154;48.6303368547917;2.34343161315982;Correcte;Rue;340.0;COLLEGE;1.0;OUVERT;091;11;25;91549;Essonne;Ile-de-France;Versailles;48.6303368547917. 2.3434316131598205;99.0;SANS OBJET;06;MINISTERE DE L'EDUCATION NATIONALE;1970-03-20;48.6303368547917, 2.34343161315982;50.021286, 2.087378
0910062Y;Collège Guillaume Budé;Collège;0.0;COLLEGE;GUILLAUME BUDE;Public;107 rue Charles de Gaulle;;;91330;YERRES;Yerres;662279.2;6846406.5;EPSG:2154;48.7166907335679;2.48728177099038;Parfaite;Numéro de rue;340.0;COLLEGE;1.0;OUVERT;091;11;25;91691;Essonne;Ile-de-France;Versailles;48.716690733567894. 2.4872817709903776;99.0;SANS OBJET;06;MINISTERE DE L'EDUCATION NATIONALE;1965-05-01;48.7166907335679, 2.48728177099038;49.181845, 3.801518
0911340M;Collège Charles Péguy;Collège;0.0;COLLEGE;CHARLES PEGUY;Public;2 rue des Pyramides;;;91070;BONDOUFLE;Bondoufle;653815.9;6834844.2;EPSG:2154;48.6121447200857;2.37349606416818;Parfaite;Numéro de rue;340.0;COLLEGE;1.0;OUVERT;091;11;25;91086;Essonne;Ile-de-France;Versailles;48.612144720085716. 2.373496064168183;99.0;SANS OBJET;06;MINISTERE DE L'EDUCATION NATIONALE;1973-03-29;48.6121447200857, 2.37349606416818;49.365092, 6.163895
0911601W;Collège privé Rudolf Steiner;Collège;0.0;COLLEGE PRIVE;RUDOLF STEINER;Privé;62 rue de Paris;;;91370;VERRIERES LE BUISSON;Verrières-le-Buisson;644424.1;6849054.5;EPSG:2154;48.739216828017;2.2442551101894;Parfaite;Numéro de rue;340.0;COLLEGE;1.0;OUVERT;091;11;25;91645;Essonne;Ile-de-France;Versailles;48.73921682801696. 2.2442551101894015;30.0;CONTRAT D'ASSOCIATION TOUTES CLASSES;06;MINISTERE DE L'EDUCATION NATIONALE;1977-09-02;48.739216828017, 2.2442551101894;48.854723, 2.355108
0911397Z;Collège La Vallée;Collège;0.0;COLLEGE;LA VALLEE;Public;Rue du 19 mars 1962;;118;91861;EPINAY SOUS SENART CEDEX;Epinay-sous-Sénart;665147.7;6844475.5;EPSG:2154;48.6994840534611;2.52642816360843;Correcte;Rue;340.0;COLLEGE;1.0;OUVERT;091;11;25;91215;Essonne;Ile-de-France;Versailles;48.6994840534611. 2.5264281636084296;99.0;SANS OBJET;06;MINISTERE DE L'EDUCATION NATIONALE;1974-03-21;48.6994840534611, 2.52642816360843;48.438742, 4.958785
0912303J;Ecole secondaire privée Time 4 School;Lycèe;1.0;ECOLE SECONDAIRE PRIVEE;TIME 4 SCHOOL;Privé;33 rue Toulouse Lautrec;;;91300;MASSY;Massy;644087.2;6847865;EPSG:2154;48.7284896560103;2.23982979675775;Parfaite;Numéro de rue;340.0;COLLEGE;1.0;OUVERT;091;11;25;91377;Essonne;Ile-de-France;Versailles;48.72848965601034. 2.2398297967577547;10.0;HORS CONTRAT;06;MINISTERE DE L'EDUCATION NATIONALE;2011-01-03;48.7284896560103, 2.23982979675775;48.165479, -1.576708
0911444A;Collège Montesquieu;Collège;0.0;COLLEGE;MONTESQUIEU;Public;Avenue de la Liberté;EVRY;;91000;EVRY COURCOURONNES;Evry-Courcouronnes;658376.7;6837872.8;EPSG:2154;48.6396957066248;2.43506880387691;Correcte;Rue;340.0;COLLEGE;1.0;OUVERT;091;11;25;91228;Essonne;Ile-de-France;Versailles;48.63969570662481. 2.435068803876908;99.0;SANS OBJET;06;MINISTERE DE L'EDUCATION NATIONALE;1975-04-25;48.6396957066248, 2.43506880387691;44.752144, 6.840806
0912321D;Lycée polyvalent privé Saint-Martin;Lycèe;1.0;LYCEE POLYVALENT PRIVE;SAINT MARTIN;Privé;36 avenue du 8 Mai 1945;;;91120;PALAISEAU;Palaiseau;644268.8;6845743.2;EPSG:2154;48.7094221339065;2.24257531311603;Parfaite;Numéro de rue;306.0;LYCEE POLYVALENT;1.0;OUVERT;091;11;25;91477;Essonne;Ile-de-France;Versailles;48.709422133906465. 2.242575313116032;30.0;CONTRAT D'ASSOCIATION TOUTES CLASSES;06;MINISTERE DE L'EDUCATION NATIONALE;2013-06-01;48.7094221339065, 2.24257531311603;50.021222, 2.085061
0911492C;Lycée polyvalent L'Essouriau;Lycèe;1.0;LYCEE POLYVALENT;L'ESSOURIAU;Public;Avenue de Dordogne;;11031;91940;LES ULIS;Les Ulis;638606.5;6842173.5;EPSG:2154;48.6768029429646;2.16613859499511;Correcte;Rue;306.0;LYCEE POLYVALENT;1.0;OUVERT;091;11;25;91692;Essonne;Ile-de-France;Versailles;48.676802942964635. 2.1661385949951097;99.0;SANS OBJET;06;MINISTERE DE L'EDUCATION NATIONALE;1976-03-01;48.6768029429646, 2.16613859499511;44.850181, -0.024921
0910630R;Lycée polyvalent Alexandre Denis. lycée des métiers de l'aéronautique. du transport et de la logistique;Lycèe;1.0;LPO LYCEE DES METIERS;ALEXANDRE DENIS;Public;Rue des 2 Parcs;;;91590;CERNY;Cerny;650987.9;6820476;EPSG:2154;48.4826910470375;2.33677204666076;Correcte;Rue;306.0;LYCEE POLYVALENT;1.0;OUVERT;091;11;25;91129;Essonne;Ile-de-France;Versailles;48.48269104703751. 2.336772046660762;99.0;SANS OBJET;06;MINISTERE DE L'EDUCATION NATIONALE;1965-05-01;48.4826910470375, 2.33677204666076;48.869805, 2.348588
0911574S;Collège Léonard de Vinci;Collège;0.0;COLLEGE;LEONARD DE VINCI;Public;Chemin des Pierres Rangées;;;91590;GUIGNEVILLE SUR ESSONNE;Guigneville-sur-Essonne;651808;6817699.7;EPSG:2154;48.4577774020087;2.34817918343895;Moyenne;Rue;340.0;COLLEGE;1.0;OUVERT;091;11;25;91293;Essonne;Ile-de-France;Versailles;48.457777402008745. 2.3481791834389503;99.0;SANS OBJET;06;MINISTERE DE L'EDUCATION NATIONALE;1977-03-11;48.4577774020087, 2.34817918343895;48.476961, 2.359176
0911185U;Collège Parc de Villeroy;Collège;0.0;COLLEGE;PARC DE VILLEROY;Public;Avenue de Villeroy;;;91540;MENNECY;Mennecy;657893.7;6829422;EPSG:2154;48.5636499586079;2.42934242963673;Correcte;Rue;340.0;COLLEGE;1.0;OUVERT;091;11;25;91386;Essonne;Ile-de-France;Versailles;48.56364995860795. 2.4293424296367268;99.0;SANS OBJET;06;MINISTERE DE L'EDUCATION NATIONALE;1971-09-30;48.5636499586079, 2.42934242963673;48.18652, 3.173317
0911824N;Collège privé La Salle Igny;Collège;0.0;COLLEGE PRIVE;LA SALLE IGNY;Privé;10 avenue de la Division Leclerc;;;91430;IGNY;Igny;643239.4;6849291.3;EPSG:2154;48.7412434698102;2.22811459107111;Parfaite;Numéro de rue;340.0;COLLEGE;1.0;OUVERT;091;11;25;91312;Essonne;Ile-de-France;Versailles;48.74124346981016. 2.2281145910711135;30.0;CONTRAT D'ASSOCIATION TOUTES CLASSES;06;MINISTERE DE L'EDUCATION NATIONALE;1960-09-01;48.7412434698102, 2.22811459107111;48.785031, 2.369632
0911345T;Collège Paul Fort;Collège;0.0;COLLEGE;PAUL FORT;Public;35 rue de la Plaine;;40016;91310;MONTLHERY;Montlhéry;646844.8;6837895;EPSG:2154;48.6390504794178;2.27855739261557;Parfaite;Numéro de rue;340.0;COLLEGE;1.0;OUVERT;091;11;25;91425;Essonne;Ile-de-France;Versailles;48.6390504794178. 2.2785573926155744;99.0;SANS OBJET;06;MINISTERE DE L'EDUCATION NATIONALE;1973-03-29;48.6390504794178, 2.27855739261557;46.476487, -1.121677
0911865H;Collège Paul Eluard;Collège;0.0;COLLEGE;PAUL ELUARD;Public;Rue Charles Fourier;EVRY COURCOURONNES;;91000;EVRY COURCOURONNES;Evry-Courcouronnes;659073.8;6836172.9;EPSG:2154;48.6244500445139;2.44469211283557;Correcte;Rue;340.0;COLLEGE;1.0;OUVERT;091;11;25;91228;Essonne;Ile-de-France;Versailles;48.62445004451393. 2.444692112835567;99.0;SANS OBJET;06;MINISTERE DE L'EDUCATION NATIONALE;1985-09-01;48.6244500445139, 2.44469211283557;49.465945, 5.938847
0911354C;Collège Les Goussons;Collège;0.0;COLLEGE;LES GOUSSONS;Public;1 allée des Goussons;;;91190;GIF SUR YVETTE;Gif-sur-Yvette;634896.6;6843361.4;EPSG:2154;48.687123911479;2.1155732200823;Parfaite;Numéro de rue;340.0;COLLEGE;1.0;OUVERT;091;11;25;91272;Essonne;Ile-de-France;Versailles;48.68712391147904. 2.1155732200822954;99.0;SANS OBJET;06;MINISTERE DE L'EDUCATION NATIONALE;1973-06-18;48.687123911479, 2.1155732200823;48.687124, 2.115573
0910016Y;Collège Alphonse Daudet;Collège;0.0;COLLEGE;ALPHONSE DAUDET;Public;11 rue de la Citadelle;;;91210;DRAVEIL;Draveil;657589.5;6842814.2;EPSG:2154;48.6840899558825;2.42389561946752;Parfaite;Numéro de rue;340.0;COLLEGE;1.0;OUVERT;091;11;25;91201;Essonne;Ile-de-France;Versailles;48.68408995588246. 2.4238956194675176;99.0;SANS OBJET;06;MINISTERE DE L'EDUCATION NATIONALE;1965-05-01;48.6840899558825, 2.42389561946752;44.758726, 6.794301
0911447D;Collège Le Roussay;Collège;0.0;COLLEGE;LE ROUSSAY;Public;Avenue Foch;;;91580;ETRECHY;Etréchy;639147.5;6821354.3;EPSG:2154;48.4895891102704;2.17643520046344;Correcte;Rue;340.0;COLLEGE;1.0;OUVERT;091;11;25;91226;Essonne;Ile-de-France;Versailles;48.48958911027043. 2.176435200463441;99.0;SANS OBJET;06;MINISTERE DE L'EDUCATION NATIONALE;1975-04-25;48.4895891102704, 2.17643520046344;48.662648, 2.555963
0910046F;Collège Joseph Bara;Collège;0.0;COLLEGE;JOSEPH BARA;Public;1 rue des Ecoles;;;91120;PALAISEAU;Palaiseau;644177.9;6846023.8;EPSG:2154;48.711937986237;2.24130335600706;Parfaite;Numéro de rue;340.0;COLLEGE;1.0;OUVERT;091;11;25;91477;Essonne;Ile-de-France;Versailles;48.71193798623699. 2.241303356007064;99.0;SANS OBJET;06;MINISTERE DE L'EDUCATION NATIONALE;1965-05-01;48.711937986237, 2.24130335600706;48.665537, 2.560984
0911913K;Lycée général et technologique Vallée de Chevreuse;Lycèe;1.0;LYCEE GENERAL ET TECHNOLOGIQUE;VALLEE DE CHEVREUSE;Public;8 rue de Madrid;COURCELLES;40;91192;GIF SUR YVETTE CEDEX;Gif-sur-Yvette;633571.8;6844854.9;EPSG:2154;48.7004214847085;2.09734549928256;Parfaite;Numéro de rue;300.0;LYCEE ENSEIGNT GENERAL ET TECHNOLOGIQUE;1.0;OUVERT;091;11;25;91272;Essonne;Ile-de-France;Versailles;48.70042148470852. 2.0973454992825578;99.0;SANS OBJET;06;MINISTERE DE L'EDUCATION NATIONALE;1987-09-01;48.7004214847085, 2.09734549928256;48.410893, -1.730401
0910627M;Lycée général et technologique Jean-Baptiste Corot;Lycèe;1.0;LYCEE GENERAL ET TECHNOLOGIQUE;JEAN-BAPTISTE COROT;Public;9 place Davout;;118;91605;SAVIGNY SUR ORGE CEDEX;Savigny-sur-Orge;652378.1;6841941.1;EPSG:2154;48.6758740384536;2.3532040841344;Parfaite;Numéro de rue;300.0;LYCEE ENSEIGNT GENERAL ET TECHNOLOGIQUE;1.0;OUVERT;091;11;25;91589;Essonne;Ile-de-France;Versailles;48.67587403845357. 2.3532040841344024;99.0;SANS OBJET;06;MINISTERE DE L'EDUCATION NATIONALE;1965-05-01;48.6758740384536, 2.3532040841344;48.675874, 2.353204
0912175V;Collège La Fontaine aux Bergers;Collège;0.0;COLLEGE;LA FONTAINE AUX BERGERS;Public;14 rue de la Roche;;;91340;OLLAINVILLE;Ollainville;642791.4;6832930.6;EPSG:2154;48.594051687119;2.2242084847159;Parfaite;Numéro de rue;340.0;COLLEGE;1.0;OUVERT;091;11;25;91461;Essonne;Ile-de-France;Versailles;48.594051687119006. 2.2242084847159025;99.0;SANS OBJET;06;MINISTERE DE L'EDUCATION NATIONALE;2000-09-01;48.594051687119, 2.2242084847159;46.366105, 4.705304
0910631S;Lycée professionnel Jean Monnet. lycée des métiers des services aux entreprises;Lycèe;1.0;LP LYCEE DES METIERS;JEAN MONNET;Public;51 avenue du Général de Gaulle;;;91260;JUVISY SUR ORGE;Juvisy-sur-Orge;654383;6844136.7;EPSG:2154;48.6957664679208;2.38019922931856;Parfaite;Numéro de rue;320.0;LYCEE PROFESSIONNEL;1.0;OUVERT;091;11;25;91326;Essonne;Ile-de-France;Versailles;48.69576646792082. 2.380199229318557;99.0;SANS OBJET;06;MINISTERE DE L'EDUCATION NATIONALE;1965-05-01;48.6957664679208, 2.38019922931856;48.324789, 7.423473
0912251C;Lycée polyvalent Henri Poincare. lycée des métiers de l'aide à la personne;Lycèe;1.0;LPO LYCEE DES METIERS;HENRI POINCARE;Public;36 rue Léon Bourgeois;;59;91122;PALAISEAU CEDEX;Palaiseau;643881;6845101.3;EPSG:2154;48.7036153288955;2.23738942694736;Parfaite;Numéro de rue;306.0;LYCEE POLYVALENT;1.0;OUVERT;091;11;25;91477;Essonne;Ile-de-France;Versailles;48.70361532889546. 2.237389426947363;99.0;SANS OBJET;06;MINISTERE DE L'EDUCATION NATIONALE;2005-09-01;48.7036153288955, 2.23738942694736;46.200127, 6.251635
0910632T;Lycée professionnel Gustave Eiffel. lycée des métiers de la mode et du bâtiment;Lycèe;1.0;LP LYCEE DES METIERS;GUSTAVE EIFFEL;Public;9 avenue de la République;;;91300;MASSY;Massy;648209.3;6848712.2;EPSG:2154;48.7364529918681;2.29576656416895;Parfaite;Numéro de rue;320.0;LYCEE PROFESSIONNEL;1.0;OUVERT;091;11;25;91377;Essonne;Ile-de-France;Versailles;48.73645299186811. 2.2957665641689506;99.0;SANS OBJET;06;MINISTERE DE L'EDUCATION NATIONALE;1965-05-01;48.7364529918681, 2.29576656416895;48.665881, 2.555532
0912353N;Ecole secondaire privée Groupe Scolaire Excellence;Lycèe;1.0;ECOLE SECONDAIRE PRIVEE;GROUPE SCOLAIRE EXCELLENCE;Privé;22 rue Robinson;;;91100;CORBEIL ESSONNES;Corbeil-Essonnes;660508;6834115;EPSG:2154;48.6060286283824;2.46434088998787;Parfaite;Numéro de rue;340.0;COLLEGE;1.0;OUVERT;091;11;25;91174;Essonne;Ile-de-France;Versailles;48.606028628382425. 2.4643408899878723;10.0;HORS CONTRAT;06;MINISTERE DE L'EDUCATION NATIONALE;2015-06-01;48.6060286283824, 2.46434088998787;49.091009, 2.503393
0910017Z;Collège André Maurois;Collège;0.0;COLLEGE;ANDRE MAUROIS;Public;8 rue de Mauregard;;;91360;EPINAY SUR ORGE;Epinay-sur-Orge;649956.8;6842309.9;EPSG:2154;48.6790082036213;2.32027669581786;Parfaite;Numéro de rue;340.0;COLLEGE;1.0;OUVERT;091;11;25;91216;Essonne;Ile-de-France;Versailles;48.67900820362127. 2.3202766958178556;99.0;SANS OBJET;06;MINISTERE DE L'EDUCATION NATIONALE;1965-05-01;48.6790082036213, 2.32027669581786;48.679925, 2.095929
0910717K;Collège Jean-Etienne Guettard;Collège;0.0;COLLEGE;JEAN-ETIENNE GUETTARD;Public;20 rue Saint-Antoine;;;91150;ETAMPES;Etampes;637856.4;6815091.7;EPSG:2154;48.4331303518352;2.15986478377413;Parfaite;Numéro de rue;340.0;COLLEGE;1.0;OUVERT;091;11;25;91223;Essonne;Ile-de-France;Versailles;48.43313035183516. 2.1598647837741285;99.0;SANS OBJET;06;MINISTERE DE L'EDUCATION NATIONALE;1966-07-18;48.4331303518352, 2.15986478377413;42.71668, 9.429546
0910678T;Collège Jean Macé;Collège;0.0;COLLEGE;JEAN MACE;Public;7 rue Roger Martin du Gard;;;91700;STE GENEVIEVE DES BOIS;Sainte-Geneviève-des-Bois;651411.1;6838014.1;EPSG:2154;48.6404808801737;2.34051643678749;Parfaite;Numéro de rue;340.0;COLLEGE;1.0;OUVERT;091;11;25;91549;Essonne;Ile-de-France;Versailles;48.64048088017372. 2.3405164367874947;99.0;SANS OBJET;06;MINISTERE DE L'EDUCATION NATIONALE;1965-12-15;48.6404808801737, 2.34051643678749;49.079673, 2.500341
0910775Y;Collège Nicolas Boileau;Collège;0.0;COLLEGE;NICOLAS BOILEAU;Public;1 rue Saint Saens;;;91240;ST MICHEL SUR ORGE;Saint-Michel-sur-Orge;649529.3;6837751.2;EPSG:2154;48.6379721049947;2.31500750236538;Correcte;Numéro de rue;340.0;COLLEGE;1.0;OUVERT;091;11;25;91570;Essonne;Ile-de-France;Versailles;48.637972104994695. 2.315007502365383;99.0;SANS OBJET;06;MINISTERE DE L'EDUCATION NATIONALE;1968-04-24;48.6379721049947, 2.31500750236538;48.103816, -1.636138
0910716J;Collège Jean Mermoz;Collège;0.0;COLLEGE;JEAN MERMOZ;Public;7 avenue Ouzilleau;;;91600;SAVIGNY SUR ORGE;Savigny-sur-Orge;651515.7;6841590.1;EPSG:2154;48.6726529167545;2.34153134438605;Parfaite;Numéro de rue;340.0;COLLEGE;1.0;OUVERT;091;11;25;91589;Essonne;Ile-de-France;Versailles;48.67265291675446. 2.3415313443860524;99.0;SANS OBJET;06;MINISTERE DE L'EDUCATION NATIONALE;1966-12-27;48.6726529167545, 2.34153134438605;48.672653, 2.341531
0910823A;Lycée général et technologique privé Ile de France;Lycèe;1.0;LYCEE GEN.ET TECHNOL.PRIVE;ILE DE FRANCE;Privé;7 rue du Baron de Nivière;;;91140;VILLEBON SUR YVETTE;Villebon-sur-Yvette;645168.3;6844743.4;EPSG:2154;48.7005069068378;2.25492760373599;Parfaite;Numéro de rue;300.0;LYCEE ENSEIGNT GENERAL ET TECHNOLOGIQUE;1.0;OUVERT;091;11;25;91661;Essonne;Ile-de-France;Versailles;48.700506906837795. 2.25492760373599;30.0;CONTRAT D'ASSOCIATION TOUTES CLASSES;06;MINISTERE DE L'EDUCATION NATIONALE;1968-04-04;48.7005069068378, 2.25492760373599;48.700507, 2.254928
0910718L;Collège Louis Pasteur;Collège;0.0;COLLEGE;LOUIS PASTEUR;Public;24 rue Louis Pasteur;;354;91163;LONGJUMEAU CEDEX;Longjumeau;648073.7;6843697.5;EPSG:2154;48.6913400074267;2.29453200957854;Parfaite;Numéro de rue;340.0;COLLEGE;1.0;OUVERT;091;11;25;91345;Essonne;Ile-de-France;Versailles;48.69134000742672. 2.2945320095785413;99.0;SANS OBJET;06;MINISTERE DE L'EDUCATION NATIONALE;1966-07-18;48.6913400074267, 2.29453200957854;48.342922, 7.303856
0910979V;Collège Bellevue;Collège;0.0;COLLEGE;BELLEVUE;Public;102 rue du Vieux Château;;;91560;CROSNE;Crosne;661455.8;6846621.6;EPSG:2154;48.7185767539504;2.47607067034391;Parfaite;Numéro de rue;340.0;COLLEGE;1.0;OUVERT;091;11;25;91191;Essonne;Ile-de-France;Versailles;48.718576753950444. 2.4760706703439066;99.0;SANS OBJET;06;MINISTERE DE L'EDUCATION NATIONALE;1969-04-03;48.7185767539504, 2.47607067034391;47.720008, 0.646779
0910820X;Collège privé Saint Martin;Collège;0.0;COLLEGE PRIVE;SAINT MARTIN;Privé;36 avenue du 8 Mai 1945;;;91120;PALAISEAU;Palaiseau;644268.8;6845743.2;EPSG:2154;48.7094221339065;2.24257531311603;Parfaite;Numéro de rue;340.0;COLLEGE;1.0;OUVERT;091;11;25;91477;Essonne;Ile-de-France;Versailles;48.709422133906465. 2.242575313116032;30.0;CONTRAT D'ASSOCIATION TOUTES CLASSES;06;MINISTERE DE L'EDUCATION NATIONALE;1968-04-04;48.7094221339065, 2.24257531311603;50.021222, 2.085061
0911021R;Lycée général et technologique François-Joseph Talma;Lycèe;1.0;LYCEE GENERAL ET TECHNOLOGIQUE;FRANCOIS-JOSEPH TALMA;Public;1 rue des Cerfs;;84;91805;BRUNOY CEDEX;Brunoy;663383.9;6843775.1;EPSG:2154;48.6930868983173;2.50252228781426;Parfaite;Numéro de rue;300.0;LYCEE ENSEIGNT GENERAL ET TECHNOLOGIQUE;1.0;OUVERT;091;11;25;91114;Essonne;Ile-de-France;Versailles;48.693086898317304. 2.502522287814262;99.0;SANS OBJET;06;MINISTERE DE L'EDUCATION NATIONALE;1970-03-20;48.6930868983173, 2.50252228781426;48.650765, 2.576409
0911401D;Lycée professionnel Nelson-Mandela;Lycèe;1.0;LYCEE PROFESSIONNEL;NELSON-MANDELA;Public;8 rue Julien Pranville;;168;91150;ETAMPES;Etampes;636180.9;6815216.9;EPSG:2154;48.4340940962625;2.13719655612885;Correcte;Rue;320.0;LYCEE PROFESSIONNEL;1.0;OUVERT;091;11;25;91223;Essonne;Ile-de-France;Versailles;48.43409409626248. 2.1371965561288526;99.0;SANS OBJET;06;MINISTERE DE L'EDUCATION NATIONALE;1974-03-21;48.4340940962625, 2.13719655612885;43.568851, 1.484025
0911031B;Collège Denis Diderot;Collège;0.0;COLLEGE;DENIS DIDEROT;Public;56 ter rue de Longjumeau;;;91300;MASSY;Massy;647053.4;6847752.5;EPSG:2154;48.7277278668295;2.28016882496557;Parfaite;Numéro de rue;340.0;COLLEGE;1.0;OUVERT;091;11;25;91377;Essonne;Ile-de-France;Versailles;48.727727866829454. 2.2801688249655676;99.0;SANS OBJET;06;MINISTERE DE L'EDUCATION NATIONALE;1970-03-20;48.7277278668295, 2.28016882496557;49.193331, 3.995138
0911632E;Lycée général et technologique René Cassin;Lycèe;1.0;LYCEE GENERAL ET TECHNOLOGIQUE;RENE CASSIN;Public;17 rue Jean Moulin;;;91294;ARPAJON CEDEX;Arpajon;644293.6;6831363.9;EPSG:2154;48.5800904281394;2.24478137660542;Parfaite;Numéro de rue;300.0;LYCEE ENSEIGNT GENERAL ET TECHNOLOGIQUE;1.0;OUVERT;091;11;25;91021;Essonne;Ile-de-France;Versailles;48.58009042813943. 2.2447813766054168;99.0;SANS OBJET;06;MINISTERE DE L'EDUCATION NATIONALE;1978-09-15;48.5800904281394, 2.24478137660542;48.975181, 1.702718
0911145A;Collège Blaise Pascal;Collège;0.0;COLLEGE;BLAISE PASCAL;Public;4 allée du Bocage;;;91360;VILLEMOISSON SUR ORGE;Villemoisson-sur-Orge;650553.1;6840359.3;EPSG:2154;48.6615097316641;2.32860095599459;Parfaite;Numéro de rue;340.0;COLLEGE;1.0;OUVERT;091;11;25;91667;Essonne;Ile-de-France;Versailles;48.661509731664076. 2.3286009559945913;99.0;SANS OBJET;06;MINISTERE DE L'EDUCATION NATIONALE;1971-03-15;48.6615097316641, 2.32860095599459;48.137621, -1.673767
0911844K;Lycée d'enseignement général privé Rudolf Steiner;Lycèe;1.0;LYCEE GENERAL PRIVE;RUDOLF STEINER;Privé;62 rue de Paris;;;91370;VERRIERES LE BUISSON;Verrières-le-Buisson;644424.1;6849054.5;EPSG:2154;48.739216828017;2.2442551101894;Parfaite;Numéro de rue;302.0;LYCEE ENSEIGNT GENERAL ET TECHNOLOGIQUE;1.0;OUVERT;091;11;25;91645;Essonne;Ile-de-France;Versailles;48.73921682801696. 2.2442551101894015;31.0;CONTRAT ASSOCIATION PARTIE DES CLASSES;06;MINISTERE DE L'EDUCATION NATIONALE;1983-09-01;48.739216828017, 2.2442551101894;48.854723, 2.355108
0911250P;Collège Paul Fort;Collège;0.0;COLLEGE;PAUL FORT;Public;Rue du Cygne;COURCOURONNES;;91080;EVRY COURCOURONNES;Evry-Courcouronnes;656565.7;6835493.7;EPSG:2154;48.6181772687288;2.41073091215367;Correcte;Rue;340.0;COLLEGE;1.0;OUVERT;091;11;25;91228;Essonne;Ile-de-France;Versailles;48.61817726872877. 2.410730912153667;99.0;SANS OBJET;06;MINISTERE DE L'EDUCATION NATIONALE;1972-02-21;48.6181772687288, 2.41073091215367;48.253377, -1.516618
0912276E;Collège Germaine Tillion;Collège;0.0;COLLEGE;GERMAINE TILLION;Public;47 rue de Cochet;;;91510;LARDY;Lardy;647873.9;6825064.2;EPSG:2154;48.5237215955496;2.29408077507308;Parfaite;Numéro de rue;340.0;COLLEGE;1.0;OUVERT;091;11;25;91330;Essonne;Ile-de-France;Versailles;48.52372159554957. 2.2940807750730805;99.0;SANS OBJET;06;MINISTERE DE L'EDUCATION NATIONALE;2008-06-25;48.5237215955496, 2.29408077507308;46.36595, 4.704727
0911251R;Lycée général et technologique Parc des Loges;Lycèe;1.0;LYCEE GENERAL ET TECHNOLOGIQUE;PARC DES LOGES;Public;Boulevard des Champs Elysées;EVRY;;91000;EVRY COURCOURONNES;Evry-Courcouronnes;657555.4;6836358;EPSG:2154;48.6260171443277;2.42407207444039;Correcte;Rue;300.0;LYCEE ENSEIGNT GENERAL ET TECHNOLOGIQUE;1.0;OUVERT;091;11;25;91228;Essonne;Ile-de-France;Versailles;48.626017144327726. 2.4240720744403896;99.0;SANS OBJET;06;MINISTERE DE L'EDUCATION NATIONALE;1972-02-21;48.6260171443277, 2.42407207444039;48.626017, 2.424072
0912363Z;Ecole secondaire privée Rhazès;Lycèe;1.0;ECOLE SECONDAIRE PRIVEE;RHAZES;Privé;15 rue Galilée;;;91270;VIGNEUX SUR SEINE;Vigneux-sur-Seine;656571.2;6845194.7;EPSG:2154;48.7054330979661;2.4098218522656;Parfaite;Numéro de rue;340.0;COLLEGE;1.0;OUVERT;091;11;25;91657;Essonne;Ile-de-France;Versailles;48.70543309796609. 2.4098218522656;10.0;HORS CONTRAT;06;MINISTERE DE L'EDUCATION NATIONALE;2016-09-01;48.7054330979661, 2.4098218522656;48.651711, 2.573834
0911335G;Collège Jules Verne;Collège;0.0;COLLEGE;JULES VERNE;Public;6 avenue Georges Pompidou;;;91140;VILLEBON SUR YVETTE;Villebon-sur-Yvette;643334.7;6844637.6;EPSG:2154;48.6993971238107;2.23002757504825;Parfaite;Numéro de rue;340.0;COLLEGE;1.0;OUVERT;091;11;25;91661;Essonne;Ile-de-France;Versailles;48.69939712381075. 2.230027575048247;99.0;SANS OBJET;06;MINISTERE DE L'EDUCATION NATIONALE;1973-03-29;48.6993971238107, 2.23002757504825;48.076464, -1.844208
0910024G;Collège Juliette Adam;Collège;0.0;COLLEGE;JULIETTE ADAM;Public;Rue Juliette Adam;;;91190;GIF SUR YVETTE;Gif-sur-Yvette;635675.9;6844779.6;EPSG:2154;48.6999571565677;2.12594585275753;Correcte;Rue;340.0;COLLEGE;1.0;OUVERT;091;11;25;91272;Essonne;Ile-de-France;Versailles;48.69995715656771. 2.1259458527575315;99.0;SANS OBJET;06;MINISTERE DE L'EDUCATION NATIONALE;1965-05-01;48.6999571565677, 2.12594585275753;45.15488, 1.525739
0911346U;Lycée général et technologique Albert Einstein;Lycèe;1.0;LYCEE GENERAL ET TECHNOLOGIQUE;ALBERT EINSTEIN;Public;Avenue de la Liberté;;128;91706;STE GENEVIEVE DES BOIS CEDEX;Sainte-Geneviève-des-Bois;652012.2;6837977.7;EPSG:2154;48.6401983544448;2.34867870180729;Correcte;Rue;300.0;LYCEE ENSEIGNT GENERAL ET TECHNOLOGIQUE;1.0;OUVERT;091;11;25;91549;Essonne;Ile-de-France;Versailles;48.64019835444476. 2.34867870180729;99.0;SANS OBJET;06;MINISTERE DE L'EDUCATION NATIONALE;1973-03-29;48.6401983544448, 2.34867870180729;44.752144, 6.840806
0910620E;Lycée polyvalent Robert Doisneau. lycée des métiers des services aux entreprises et de l'industrie;Lycèe;1.0;LPO LYCEE DES METIERS;ROBERT DOISNEAU;Public;89 avenue Serge Dassault;;;91107;CORBEIL ESSONNES CEDEX;Corbeil-Essonnes;660140.1;6834903.4;EPSG:2154;48.6130976633267;2.4592777190708;Parfaite;Numéro de rue;306.0;LYCEE POLYVALENT;1.0;OUVERT;091;11;25;91174;Essonne;Ile-de-France;Versailles;48.61309766332666. 2.4592777190707977;99.0;SANS OBJET;06;MINISTERE DE L'EDUCATION NATIONALE;1965-05-01;48.6130976633267, 2.4592777190708;48.613098, 2.459278
0911491B;Collège Condorcet;Collège;0.0;COLLEGE;CONDORCET;Public;Chemin du Champ de Course;;;91410;DOURDAN;Dourdan;625465.2;6826466.9;EPSG:2154;48.5341494279687;1.99039553019962;Correcte;Rue;340.0;COLLEGE;1.0;OUVERT;091;11;25;91200;Essonne;Ile-de-France;Versailles;48.53414942796873. 1.9903955301996217;99.0;SANS OBJET;06;MINISTERE DE L'EDUCATION NATIONALE;1976-03-01;48.5341494279687, 1.99039553019962;42.711864, 9.437672
0910817U;Collège privé Sainte-Thérèse;Collège;0.0;COLLEGE PRIVE;SAINTE-THERESE;Privé;5 rue de l'Ancienne Eglise;;;91230;MONTGERON;Montgeron;659895.5;6845476.7;EPSG:2154;48.7081843786641;2.45496967061295;Parfaite;Numéro de rue;340.0;COLLEGE;1.0;OUVERT;091;11;25;91421;Essonne;Ile-de-France;Versailles;48.708184378664065. 2.454969670612948;30.0;CONTRAT D'ASSOCIATION TOUTES CLASSES;06;MINISTERE DE L'EDUCATION NATIONALE;1968-04-04;48.7081843786641, 2.45496967061295;44.438403, 0.182396
0911551S;Lycée agricole privé de Marcoussis;Lycèe;1.0;LYCEE AGRICOLE PRIVE;DE MARCOUSSIS;Privé;53 avenue massenat deroche;;;91460;MARCOUSSIS;Marcoussis;642456.9;6838551.2;EPSG:2154;48.6445771493442;2.21891878437265;Parfaite;Numéro de rue;320.0;LYCEE PROFESSIONNEL;1.0;OUVERT;091;11;25;91363;Essonne;Ile-de-France;Versailles;48.64457714934415. 2.2189187843726494;99.0;SANS OBJET;03;AGRICULTURE;1977-09-06;48.6445771493442, 2.21891878437265;48.646411, 2.220358
0910827E;Collège privé Jeanne d'Arc;Collège;0.0;COLLEGE PRIVE;JEANNE D'ARC;Privé;31 rue Alfred Leblanc;;;91220;BRETIGNY SUR ORGE;Brétigny-sur-Orge;648590.2;6834119.8;EPSG:2154;48.6052348545242;2.30269783752306;Parfaite;Numéro de rue;340.0;COLLEGE;1.0;OUVERT;091;11;25;91103;Essonne;Ile-de-France;Versailles;48.605234854524156. 2.302697837523065;30.0;CONTRAT D'ASSOCIATION TOUTES CLASSES;06;MINISTERE DE L'EDUCATION NATIONALE;1968-04-01;48.6052348545242, 2.30269783752306;48.605235, 2.302698
0911748F;Collège privé Notre-Dame de Sion;Collège;0.0;COLLEGE PRIVE;NOTRE-DAME DE SION;Privé;1 avenue Ratisbonne;EVRY;;91000;EVRY COURCOURONNES;Evry-Courcouronnes;658378.6;6838357;EPSG:2154;48.6440510395519;2.43504757232683;Parfaite;Numéro de rue;340.0;COLLEGE;1.0;OUVERT;091;11;25;91228;Essonne;Ile-de-France;Versailles;48.644051039551854. 2.4350475723268343;30.0;CONTRAT D'ASSOCIATION TOUTES CLASSES;06;MINISTERE DE L'EDUCATION NATIONALE;1980-09-01;48.6440510395519, 2.43504757232683;48.644051, 2.435048
0910836P;Collège privé du Sacré-Coeur;Collège;0.0;COLLEGE PRIVE;SACRE COEUR;Privé;29 rue Chamberlin;;;91600;SAVIGNY SUR ORGE;Savigny-sur-Orge;651994.5;6841898.7;EPSG:2154;48.6754643033758;2.34799905782771;Parfaite;Numéro de rue;340.0;COLLEGE;1.0;OUVERT;091;11;25;91589;Essonne;Ile-de-France;Versailles;48.67546430337576. 2.3479990578277095;30.0;CONTRAT D'ASSOCIATION TOUTES CLASSES;06;MINISTERE DE L'EDUCATION NATIONALE;1968-04-01;48.6754643033758, 2.34799905782771;48.675464, 2.347999
0911752K;Collège privé Saint Louis Saint Clément;Collège;0.0;COLLEGE PRIVE;SAINT-LOUIS SAINT-CLEMENT;Privé;1 rue Margot;;;91170;VIRY CHATILLON;Viry-Châtillon;653734.6;6841391.8;EPSG:2154;48.6710319546923;2.37168650637133;Parfaite;Numéro de rue;340.0;COLLEGE;1.0;OUVERT;091;11;25;91687;Essonne;Ile-de-France;Versailles;48.671031954692324. 2.3716865063713346;30.0;CONTRAT D'ASSOCIATION TOUTES CLASSES;06;MINISTERE DE L'EDUCATION NATIONALE;1980-09-01;48.6710319546923, 2.37168650637133;48.639795, -1.904573
0910859P;Collège Gérard Philipe;Collège;0.0;COLLEGE;GERARD PHILIPE;Public;9 rue des Migneaux;;;91300;MASSY;Massy;646061.3;6848569.3;EPSG:2154;48.7349919080171;2.26657843856565;Parfaite;Numéro de rue;340.0;COLLEGE;1.0;OUVERT;091;11;25;91377;Essonne;Ile-de-France;Versailles;48.7349919080171. 2.2665784385656487;99.0;SANS OBJET;06;MINISTERE DE L'EDUCATION NATIONALE;1968-07-09;48.7349919080171, 2.26657843856565;48.747082, 2.263593
0912086Y;Collège de L'Ermitage;Collège;0.0;COLLEGE;DE L ERMITAGE;Public;Chemin de l'Ermitage;;;91450;SOISY SUR SEINE;Soisy-sur-Seine;660320.7;6838602.4;EPSG:2154;48.6463803941245;2.46138531157829;Correcte;Rue;340.0;COLLEGE;1.0;OUVERT;091;11;25;91600;Essonne;Ile-de-France;Versailles;48.64638039412452. 2.4613853115782898;99.0;SANS OBJET;06;MINISTERE DE L'EDUCATION NATIONALE;1996-09-01;48.6463803941245, 2.46138531157829;48.106307, 4.452177
0911034E;Collège César Franck;Collège;0.0;COLLEGE;CESAR FRANCK;Public;13 rue César Franck;;;91120;PALAISEAU;Palaiseau;643908.8;6846766.6;EPSG:2154;48.7185953482265;2.2375486763983;Parfaite;Numéro de rue;340.0;COLLEGE;1.0;OUVERT;091;11;25;91477;Essonne;Ile-de-France;Versailles;48.71859534822646. 2.2375486763982986;99.0;SANS OBJET;06;MINISTERE DE L'EDUCATION NATIONALE;1970-03-20;48.7185953482265, 2.2375486763983;49.005745, 2.254975
0912109Y;Collège Robert Doisneau;Collège;0.0;COLLEGE;ROBERT DOISNEAU;Public;Rue du Bouchet;;;91760;ITTEVILLE;Itteville;652155.1;6825126.3;EPSG:2154;48.5246103700771;2.35204943068214;Correcte;Rue;340.0;COLLEGE;1.0;OUVERT;091;11;25;91315;Essonne;Ile-de-France;Versailles;48.52461037007709. 2.3520494306821353;99.0;SANS OBJET;06;MINISTERE DE L'EDUCATION NATIONALE;1995-09-01;48.5246103700771, 2.35204943068214;45.779718, 6.353177
0911264E;Lycée polyvalent privé - Institut et campus d'optique;Lycèe;1.0;LYCEE POLYVALENT PRIVE;INSTITUT ET CAMPUS D'OPTIQUE - ICO;Privé;134 route de Chartres;;;91440;BURES SUR YVETTE;Bures-sur-Yvette;638027.2;6843754;EPSG:2154;48.6909627625492;2.15804210935486;Parfaite;Numéro de rue;306.0;LYCEE POLYVALENT;1.0;OUVERT;091;11;25;91122;Essonne;Ile-de-France;Versailles;48.69096276254925. 2.1580421093548634;30.0;CONTRAT D'ASSOCIATION TOUTES CLASSES;06;MINISTERE DE L'EDUCATION NATIONALE;1972-09-01;48.6909627625492, 2.15804210935486;48.67197, 2.124449
0910808J;Lycée général et technologique privé Saint Charles;Lycèe;1.0;LYCEE GEN. ET TECHNOL. PRIVE;SAINT CHARLES;Privé;2 rue G. Anthonioz de Gaulle;;;91200;ATHIS MONS;Athis-Mons;655119.3;6845638.2;EPSG:2154;48.7093227539046;2.39004539167258;Parfaite;Numéro de rue;300.0;LYCEE ENSEIGNT GENERAL ET TECHNOLOGIQUE;1.0;OUVERT;091;11;25;91027;Essonne;Ile-de-France;Versailles;48.709322753904594. 2.3900453916725817;30.0;CONTRAT D'ASSOCIATION TOUTES CLASSES;06;MINISTERE DE L'EDUCATION NATIONALE;1968-04-04;48.7093227539046, 2.39004539167258;49.416887, 1.050675
0911343R;Lycée professionnel Auguste Perret;Lycèe;1.0;LYCEE PROFESSIONNEL;AUGUSTE PERRET;Public;1 avenue de la Liberté;EVRY;;91000;EVRY COURCOURONNES;Evry-Courcouronnes;658372.7;6837955.2;EPSG:2154;48.6404366096645;2.43500651377415;Parfaite;Numéro de rue;320.0;LYCEE PROFESSIONNEL;1.0;OUVERT;091;11;25;91228;Essonne;Ile-de-France;Versailles;48.64043660966449. 2.4350065137741477;99.0;SANS OBJET;06;MINISTERE DE L'EDUCATION NATIONALE;1973-03-29;48.6404366096645, 2.43500651377415;44.754078, 6.837249
0910977T;Collège Albert Camus;Collège;0.0;COLLEGE;ALBERT CAMUS;Public;Allée Albert Camus;;;91590;LA FERTE ALAIS;La Ferté-Alais;651631.5;6819984.6;EPSG:2154;48.4783188487393;2.34553590310167;Correcte;Rue;340.0;COLLEGE;1.0;OUVERT;091;11;25;91232;Essonne;Ile-de-France;Versailles;48.47831884873929. 2.34553590310167;99.0;SANS OBJET;06;MINISTERE DE L'EDUCATION NATIONALE;1969-04-03;48.4783188487393, 2.34553590310167;48.652752, 2.566612
0911488Y;Collège Charles Péguy;Collège;0.0;COLLEGE;CHARLES PEGUY;Public;9 rue de Viry;;;91390;MORSANG SUR ORGE;Morsang-sur-Orge;652570.3;6840826.8;EPSG:2154;48.6658657495906;2.3559378506025;Parfaite;Numéro de rue;340.0;COLLEGE;1.0;OUVERT;091;11;25;91434;Essonne;Ile-de-France;Versailles;48.66586574959056. 2.3559378506025017;99.0;SANS OBJET;06;MINISTERE DE L'EDUCATION NATIONALE;1976-03-01;48.6658657495906, 2.3559378506025;48.722733, 4.587565
0911025V;Collège Jean Lurcat;Collège;0.0;COLLEGE;JEAN LURCAT;Public;Avenue de l'Aunette;;;91130;RIS ORANGIS;Ris-Orangis;656617;6837844;EPSG:2154;48.6393210254469;2.41118910185216;Correcte;Rue;340.0;COLLEGE;1.0;OUVERT;091;11;25;91521;Essonne;Ile-de-France;Versailles;48.63932102544692. 2.41118910185216;99.0;SANS OBJET;06;MINISTERE DE L'EDUCATION NATIONALE;1970-03-20;48.6393210254469, 2.41118910185216;48.973802, 1.718235
0911578W;Lycée polyvalent Pierre Mendès France;Lycèe;1.0;LYCEE POLYVALENT;PIERRE MENDES FRANCE;Public;Avenue de l'Aunette;;;91130;RIS ORANGIS;Ris-Orangis;656617;6837844;EPSG:2154;48.6393210254469;2.41118910185216;Correcte;Rue;306.0;LYCEE POLYVALENT;1.0;OUVERT;091;11;25;91521;Essonne;Ile-de-France;Versailles;48.63932102544692. 2.41118910185216;99.0;SANS OBJET;06;MINISTERE DE L'EDUCATION NATIONALE;1977-03-22;48.6393210254469, 2.41118910185216;48.973802, 1.718235
0911254U;Lycée polyvalent Charles Baudelaire. lycée des métiers de la relation client. de la beauté. du soin et des services à la personne;Lycèe;1.0;LPO LYCEE DES METIERS;CHARLES BAUDELAIRE;Public;Avenue de la Liberté;EVRY;;91080;EVRY COURCOURONNES;Evry-Courcouronnes;658289.7;6837643.2;EPSG:2154;48.6376249245982;2.43391037922242;Mauvaise;Lieu-dit;306.0;LYCEE POLYVALENT;1.0;OUVERT;091;11;25;91228;Essonne;Ile-de-France;Versailles;48.63762492459821. 2.4339103792224206;99.0;SANS OBJET;06;MINISTERE DE L'EDUCATION NATIONALE;1972-02-21;48.6376249245982, 2.43391037922242;44.752144, 6.840806
0911945V;Lycée polyvalent Marguerite Yourcenar;Lycèe;1.0;LYCEE POLYVALENT;MARGUERITE YOURCENAR;Public;62 rue des Edouets;;;91421;MORANGIS CEDEX;Morangis;650463.2;6845706;EPSG:2154;48.7095922774075;2.32676137259024;Parfaite;Numéro de rue;306.0;LYCEE POLYVALENT;1.0;OUVERT;091;11;25;91432;Essonne;Ile-de-France;Versailles;48.7095922774075. 2.3267613725902385;99.0;SANS OBJET;06;MINISTERE DE L'EDUCATION NATIONALE;1990-09-01;48.7095922774075, 2.32676137259024;48.709592, 2.326761
0911443Z;Collège La Nacelle;Collège;0.0;COLLEGE;LA NACELLE;Public;8 rue de la Nacelle;;;91107;CORBEIL ESSONNES CEDEX;Corbeil-Essonnes;660253.7;6832992.5;EPSG:2154;48.5959161994462;2.46099566594654;Parfaite;Numéro de rue;340.0;COLLEGE;1.0;OUVERT;091;11;25;91174;Essonne;Ile-de-France;Versailles;48.59591619944623. 2.460995665946544;99.0;SANS OBJET;06;MINISTERE DE L'EDUCATION NATIONALE;1975-04-25;48.5959161994462, 2.46099566594654;48.162594, 2.335944
0911961M;Lycée général et technologique Edmond Michelet;Lycèe;1.0;LYCEE GENERAL ET TECHNOLOGIQUE;EDMOND MICHELET;Public;2 boulevard Abel Cornaton;;;91290;ARPAJON;Arpajon;644458.6;6832069.3;EPSG:2154;48.5864496101999;2.24692696399074;Parfaite;Numéro de rue;300.0;LYCEE ENSEIGNT GENERAL ET TECHNOLOGIQUE;1.0;OUVERT;091;11;25;91021;Essonne;Ile-de-France;Versailles;48.58644961019987. 2.246926963990742;99.0;SANS OBJET;06;MINISTERE DE L'EDUCATION NATIONALE;1991-09-01;48.5864496101999, 2.24692696399074;48.58645, 2.246927
0911751J;Collège privé du Sacré-Coeur;Collège;0.0;COLLEGE PRIVE;SACRE COEUR;Privé;Passage de Graville;;;91620;LA VILLE DU BOIS;La Ville-du-Bois;646042.4;6840323.7;EPSG:2154;48.6608288245306;2.26736170007804;Correcte;Rue;340.0;COLLEGE;1.0;OUVERT;091;11;25;91665;Essonne;Ile-de-France;Versailles;48.6608288245306. 2.267361700078042;30.0;CONTRAT D'ASSOCIATION TOUTES CLASSES;06;MINISTERE DE L'EDUCATION NATIONALE;1980-09-01;48.6608288245306, 2.26736170007804;48.660829, 2.267362
0912451V;Lycée Général et Technologique La Lumière du Savoir;Lycèe;1.0;LYCEE GENERAL ET TECHNOLOGIQUE;LA LUMIERE DU SAVOIR;Privé;2 avenue du Général de Gaulle;;;91100;CORBEIL ESSONNES;Corbeil-Essonnes;660377.6;6835568.2;EPSG:2154;48.6190920359399;2.46243804761622;Parfaite;Numéro de rue;300.0;LYCEE ENSEIGNT GENERAL ET TECHNOLOGIQUE;1.0;OUVERT;091;11;25;91174;Essonne;Ile-de-France;Versailles;48.61909203593995. 2.462438047616216;10.0;HORS CONTRAT;06;MINISTERE DE L'EDUCATION NATIONALE;2020-09-01;48.6190920359399, 2.46243804761622;48.3259, 7.42381
0911754M;Collège Rosa Luxembourg;Collège;0.0;COLLEGE;ROSA LUXEMBOURG;Public;1 avenue du Bois de Place;;;91090;LISSES;Lisses;657522;6833666.6;EPSG:2154;48.6018062095924;2.42388533125336;Parfaite;Numéro de rue;340.0;COLLEGE;1.0;OUVERT;091;11;25;91340;Essonne;Ile-de-France;Versailles;48.60180620959237. 2.423885331253358;99.0;SANS OBJET;06;MINISTERE DE L'EDUCATION NATIONALE;1981-09-01;48.6018062095924, 2.42388533125336;48.868316, 2.056594
0910623H;Lycée général et technologique Marcel Pagnol;Lycèe;1.0;LYCEE GENERAL ET TECHNOLOGIQUE;MARCEL PAGNOL;Public;Avenue de la Terrasse;;;91201;ATHIS MONS CEDEX;Athis-Mons;654214;6844388.9;EPSG:2154;48.6980228484607;2.3778761144269;Correcte;Rue;300.0;LYCEE ENSEIGNT GENERAL ET TECHNOLOGIQUE;1.0;OUVERT;091;11;25;91027;Essonne;Ile-de-France;Versailles;48.6980228484607. 2.377876114426897;99.0;SANS OBJET;06;MINISTERE DE L'EDUCATION NATIONALE;1965-05-01;48.6980228484607, 2.3778761144269;48.201007, -2.046051
0911937L;Lycée polyvalent François Truffaut;Lycèe;1.0;LYCEE POLYVALENT;FRANCOIS TRUFFAUT;Public;Rue Georges Pompidou;;108;91072;BONDOUFLE CEDEX;Bondoufle;655005.2;6835562.9;EPSG:2154;48.6186930758442;2.3895533256214;Correcte;Rue;306.0;LYCEE POLYVALENT;1.0;OUVERT;091;11;25;91086;Essonne;Ile-de-France;Versailles;48.61869307584424. 2.389553325621402;99.0;SANS OBJET;06;MINISTERE DE L'EDUCATION NATIONALE;1989-09-01;48.6186930758442, 2.3895533256214;48.664966, 2.578723
0910776Z;Collège Paul Eluard;Collège;0.0;COLLEGE;PAUL ELUARD;Public;1 rue Paul Elluard;;27;91270;VIGNEUX SUR SEINE;Vigneux-sur-Seine;657199.8;6844947.1;EPSG:2154;48.7032480945087;2.41838871983334;Parfaite;Numéro de rue;340.0;COLLEGE;1.0;OUVERT;091;11;25;91657;Essonne;Ile-de-France;Versailles;48.70324809450867. 2.4183887198333407;99.0;SANS OBJET;06;MINISTERE DE L'EDUCATION NATIONALE;1968-04-24;48.7032480945087, 2.41838871983334;44.752373, -0.574764
0912342B;Lycée général et technologique privé la Salle Igny;Lycèe;1.0;LYCEE GEN.ET TECHNOL.PRIVE;LA SALLE IGNY;Privé;10 avenue de la Division Leclerc;;;91430;IGNY;Igny;643239.4;6849291.3;EPSG:2154;48.7412434698102;2.22811459107111;Parfaite;Numéro de rue;300.0;LYCEE ENSEIGNT GENERAL ET TECHNOLOGIQUE;1.0;OUVERT;091;11;25;91312;Essonne;Ile-de-France;Versailles;48.74124346981016. 2.2281145910711135;30.0;CONTRAT D'ASSOCIATION TOUTES CLASSES;06;MINISTERE DE L'EDUCATION NATIONALE;2015-06-01;48.7412434698102, 2.22811459107111;48.785031, 2.369632
0910967G;Collège La Guyonnerie;Collège;0.0;COLLEGE;LA GUYONNERIE;Public;52 rue du Docteur Collé;;;91440;BURES SUR YVETTE;Bures-sur-Yvette;637942.9;6844816;EPSG:2154;48.7005062602629;2.15674282620351;Parfaite;Numéro de rue;340.0;COLLEGE;1.0;OUVERT;091;11;25;91122;Essonne;Ile-de-France;Versailles;48.70050626026287. 2.1567428262035055;99.0;SANS OBJET;06;MINISTERE DE L'EDUCATION NATIONALE;1969-04-03;48.7005062602629, 2.15674282620351;48.700506, 2.156743
0912378R;Ecole secondaire privée La Lumière du Savoir;Collège;0.0;COLLEGE PRIVE;LA LUMIERE DU SAVOIR;Privé;2 avenue du Général de Gaulle;;;91100;CORBEIL ESSONNES;Corbeil-Essonnes;660377.6;6835568.2;EPSG:2154;48.6190920359399;2.46243804761622;Parfaite;Numéro de rue;340.0;COLLEGE;1.0;OUVERT;091;11;25;91174;Essonne;Ile-de-France;Versailles;48.61909203593995. 2.462438047616216;10.0;HORS CONTRAT;06;MINISTERE DE L'EDUCATION NATIONALE;2017-09-01;48.6190920359399, 2.46243804761622;48.3259, 7.42381
0910969J;Collège Emile Zola;Collège;0.0;COLLEGE;EMILE ZOLA;Public;Rue de Lovenich;;;91430;IGNY;Igny;642682.6;6848954.7;EPSG:2154;48.7381669974128;2.2205883574517;Correcte;Rue;340.0;COLLEGE;1.0;OUVERT;091;11;25;91312;Essonne;Ile-de-France;Versailles;48.738166997412755. 2.2205883574516996;99.0;SANS OBJET;06;MINISTERE DE L'EDUCATION NATIONALE;1969-04-03;48.7381669974128, 2.2205883574517;48.738167, 2.220588
0910971L;Collège Les Sablons;Collège;0.0;COLLEGE;LES SABLONS;Public;53 rue Duparchy;;;91170;VIRY CHATILLON;Viry-Châtillon;653131;6841141;EPSG:2154;48.6687326823493;2.36351704201061;Parfaite;Numéro de rue;340.0;COLLEGE;1.0;OUVERT;091;11;25;91687;Essonne;Ile-de-France;Versailles;48.66873268234934. 2.363517042010605;99.0;SANS OBJET;06;MINISTERE DE L'EDUCATION NATIONALE;1969-04-03;48.6687326823493, 2.36351704201061;48.668733, 2.363517
0910973N;Collège Eugène Delacroix;Collège;0.0;COLLEGE;EUGENE DELACROIX;Public;Rue Ferdinand Buisson;;;91210;DRAVEIL;Draveil;656282.4;6841994.9;EPSG:2154;48.6766337969054;2.40622431611706;Correcte;Rue;340.0;COLLEGE;1.0;OUVERT;091;11;25;91201;Essonne;Ile-de-France;Versailles;48.676633796905435. 2.4062243161170622;99.0;SANS OBJET;06;MINISTERE DE L'EDUCATION NATIONALE;1969-04-03;48.6766337969054, 2.40622431611706;48.110949, -1.679742
0911024U;Collège Louise Michel;Collège;0.0;COLLEGE;LOUISE MICHEL;Public;21 chemin des Mozards;;;91100;CORBEIL ESSONNES;Corbeil-Essonnes;661632.1;6832871.2;EPSG:2154;48.5949082706156;2.47969860150445;Parfaite;Numéro de rue;340.0;COLLEGE;1.0;OUVERT;091;11;25;91174;Essonne;Ile-de-France;Versailles;48.59490827061564. 2.4796986015044507;99.0;SANS OBJET;06;MINISTERE DE L'EDUCATION NATIONALE;1970-03-20;48.5949082706156, 2.47969860150445;48.594908, 2.479698
0911039K;Collège Paul Eluard;Collège;0.0;COLLEGE;PAUL ELUARD;Public;8 rue Henri Douard;;;91220;BRETIGNY SUR ORGE;Brétigny-sur-Orge;649439.5;6834911;EPSG:2154;48.6124184371257;2.31412360928403;Parfaite;Numéro de rue;340.0;COLLEGE;1.0;OUVERT;091;11;25;91103;Essonne;Ile-de-France;Versailles;48.612418437125726. 2.3141236092840294;99.0;SANS OBJET;06;MINISTERE DE L'EDUCATION NATIONALE;1970-03-20;48.6124184371257, 2.31412360928403;48.612418, 2.314124
0911150F;Collège Marie Curie;Collège;0.0;COLLEGE;MARIE CURIE;Public;54 boulevard Berchère;;;91150;ETAMPES;Etampes;637764;6814858.4;EPSG:2154;48.4310227620766;2.15864930430224;Parfaite;Numéro de rue;340.0;COLLEGE;1.0;OUVERT;091;11;25;91223;Essonne;Ile-de-France;Versailles;48.431022762076566. 2.1586493043022394;99.0;SANS OBJET;06;MINISTERE DE L'EDUCATION NATIONALE;1971-03-15;48.4310227620766, 2.15864930430224;48.850303, 1.556021
0911257X;Collège Jean Moulin;Collège;0.0;COLLEGE;JEAN MOULIN;Public;21 rue de Launay;;;91240;ST MICHEL SUR ORGE;Saint-Michel-sur-Orge;648596.5;6837584.8;EPSG:2154;48.6364019509766;2.30236806911927;Parfaite;Numéro de rue;340.0;COLLEGE;1.0;OUVERT;091;11;25;91570;Essonne;Ile-de-France;Versailles;48.63640195097658. 2.302368069119272;99.0;SANS OBJET;06;MINISTERE DE L'EDUCATION NATIONALE;1972-02-21;48.6364019509766, 2.30236806911927;47.73016, -1.733766
0911396Y;Collège Georges Pompidou;Collège;0.0;COLLEGE;GEORGES POMPIDOU;Public;121 avenue Charles de Gaulle;;;91230;MONTGERON;Montgeron;659280.6;6843779.1;EPSG:2154;48.6928773276744;2.44677493067165;Parfaite;Numéro de rue;340.0;COLLEGE;1.0;OUVERT;091;11;25;91421;Essonne;Ile-de-France;Versailles;48.69287732767435. 2.446774930671645;99.0;SANS OBJET;06;MINISTERE DE L'EDUCATION NATIONALE;1974-03-21;48.6928773276744, 2.44677493067165;49.615837, 3.218529
0911983L;Lycée général et technologique Jules Verne;Lycèe;1.0;LYCEE GENERAL ET TECHNOLOGIQUE;JULES VERNE;Public;49 rue d'Arpajon;;;91470;LIMOURS;Limours;632896;6838382.6;EPSG:2154;48.6421393806142;2.08917768249981;Parfaite;Numéro de rue;300.0;LYCEE ENSEIGNT GENERAL ET TECHNOLOGIQUE;1.0;OUVERT;091;11;25;91338;Essonne;Ile-de-France;Versailles;48.64213938061421. 2.0891776824998067;99.0;SANS OBJET;06;MINISTERE DE L'EDUCATION NATIONALE;1994-09-01;48.6421393806142, 2.08917768249981;48.601862, 2.258861
0910060W;Collège Felix Esclangon;Collège;0.0;COLLEGE;FELIX ESCLANGON;Public;2 place René Coty;;9;91172;VIRY CHATILLON CEDEX;Viry-Châtillon;654133.1;6841763.6;EPSG:2154;48.6744044596837;2.37705833039066;Parfaite;Numéro de rue;340.0;COLLEGE;1.0;OUVERT;091;11;25;91687;Essonne;Ile-de-France;Versailles;48.67440445968367. 2.3770583303906583;99.0;SANS OBJET;06;MINISTERE DE L'EDUCATION NATIONALE;1965-05-01;48.6744044596837, 2.37705833039066;48.674404, 2.377058
0910625K;Lycée général et technologique Rosa Parks;Lycèe;1.0;LYCEE GENERAL ET TECHNOLOGIQUE;ROSA PARKS;Public;2 place de l'Europe;;;91230;MONTGERON;Montgeron;659795.1;6845107.1;EPSG:2154;48.7048538899085;2.45364000711801;Parfaite;Numéro de rue;300.0;LYCEE ENSEIGNT GENERAL ET TECHNOLOGIQUE;1.0;OUVERT;091;11;25;91421;Essonne;Ile-de-France;Versailles;48.704853889908485. 2.453640007118009;99.0;SANS OBJET;06;MINISTERE DE L'EDUCATION NATIONALE;1946-10-03;48.7048538899085, 2.45364000711801;48.114259, -1.524817
0910626L;Lycée général et technologique Blaise Pascal;Lycèe;1.0;LYCEE GENERAL ET TECHNOLOGIQUE;BLAISE PASCAL;Public;18 rue Alexandre Fleming;;55;91406;ORSAY CEDEX;Orsay;640163.6;6844345.3;EPSG:2154;48.696482281554;2.18698228391666;Correcte;Rue;300.0;LYCEE ENSEIGNT GENERAL ET TECHNOLOGIQUE;1.0;OUVERT;091;11;25;91471;Essonne;Ile-de-France;Versailles;48.69648228155404. 2.186982283916657;99.0;SANS OBJET;06;MINISTERE DE L'EDUCATION NATIONALE;1965-05-01;48.696482281554, 2.18698228391666;49.032581, 2.352926
0910629P;Lycée professionnel Chateau des Coudraies. lycée des métiers de bouche et d'hôtellerie;Lycèe;1.0;LP LYCEE DES METIERS;HOTELIER CHATEAU DES COUDRAIES;Public;2 boulevard Charles de Gaulle;;;91450;ETIOLLES;Etiolles;660656.6;6837291.3;EPSG:2154;48.6346079817067;2.46606508546855;Parfaite;Numéro de rue;320.0;LYCEE PROFESSIONNEL;1.0;OUVERT;091;11;25;91225;Essonne;Ile-de-France;Versailles;48.634607981706665. 2.466065085468551;99.0;SANS OBJET;06;MINISTERE DE L'EDUCATION NATIONALE;1965-05-01;48.6346079817067, 2.46606508546855;49.182683, 3.807202
0910677S;Collège Weiler;Collège;0.0;COLLEGE;WEILER;Public;2 rue Raymond Paumier;;;91230;MONTGERON;Montgeron;659535.7;6845053.2;EPSG:2154;48.7043529075577;2.45012013411183;Parfaite;Numéro de rue;340.0;COLLEGE;1.0;OUVERT;091;11;25;91421;Essonne;Ile-de-France;Versailles;48.70435290755767. 2.4501201341118297;99.0;SANS OBJET;06;MINISTERE DE L'EDUCATION NATIONALE;1965-12-15;48.7043529075577, 2.45012013411183;48.704353, 2.45012
0910755B;Lycée professionnel Nadar. lycée des métiers de la sécurité de l'industrie et de la relation client;Lycèe;1.0;LP LYCEE DES METIERS;NADAR;Public;42 bis rue Charles Mory;;;91210;DRAVEIL;Draveil;658326.3;6842542.8;EPSG:2154;48.681696822676;2.4339303962045;Parfaite;Numéro de rue;320.0;LYCEE PROFESSIONNEL;1.0;OUVERT;091;11;25;91201;Essonne;Ile-de-France;Versailles;48.68169682267596. 2.433930396204496;99.0;SANS OBJET;06;MINISTERE DE L'EDUCATION NATIONALE;1967-10-05;48.681696822676, 2.4339303962045;48.681697, 2.43393
0910815S;Lycée général et technologique privé Jeanne d'Arc;Lycèe;1.0;LYCEE GEN.ET TECHNOL.PRIVE;JEANNE D'ARC;Privé;11 boulevard Henri IV;;22;91150;ETAMPES;Etampes;637724.5;6815417.9;EPSG:2154;48.4360521637676;2.15803470775465;Parfaite;Numéro de rue;300.0;LYCEE ENSEIGNT GENERAL ET TECHNOLOGIQUE;1.0;OUVERT;091;11;25;91223;Essonne;Ile-de-France;Versailles;48.436052163767634. 2.1580347077546507;30.0;CONTRAT D'ASSOCIATION TOUTES CLASSES;06;MINISTERE DE L'EDUCATION NATIONALE;1968-04-04;48.4360521637676, 2.15803470775465;48.951492, 2.559444
0910843X;Lycée polyvalent privé St Pierre. lycée des métiers communication. gestion. mercatique. lycée des métiers d'hôtellerie. restauration. tourisme;Lycèe;1.0;LYCEE POLYVALENT PRIVE;SAINT PIERRE;Privé;70 rue de Montgeron;;201;91800;BRUNOY;Brunoy;662459.9;6843942.2;EPSG:2154;48.6945368257152;2.48995421731254;Parfaite;Numéro de rue;306.0;LYCEE POLYVALENT;1.0;OUVERT;091;11;25;91114;Essonne;Ile-de-France;Versailles;48.694536825715204. 2.4899542173125426;30.0;CONTRAT D'ASSOCIATION TOUTES CLASSES;06;MINISTERE DE L'EDUCATION NATIONALE;1968-04-03;48.6945368257152, 2.48995421731254;48.701843, 2.452596
0911402E;Collège de Guinette;Collège;0.0;COLLEGE;DE GUINETTE;Public;Avenue des Meuniers;;;91150;ETAMPES;Etampes;636831.3;6815473.5;EPSG:2154;48.4364660376029;2.14595144111639;Correcte;Rue;340.0;COLLEGE;1.0;OUVERT;091;11;25;91223;Essonne;Ile-de-France;Versailles;48.43646603760289. 2.1459514411163925;99.0;SANS OBJET;06;MINISTERE DE L'EDUCATION NATIONALE;1974-03-21;48.4364660376029, 2.14595144111639;48.985229, 1.697425
0911570M;Collège Leopold Sedar Senghor;Collège;0.0;COLLEGE;LEOPOLD SEDAR SENGHOR;Public;10 avenue du Général de Gaulle;;;91100;CORBEIL ESSONNES;Corbeil-Essonnes;660148.7;6835525.7;EPSG:2154;48.6186956976593;2.45933657806386;Parfaite;Numéro de rue;340.0;COLLEGE;1.0;OUVERT;091;11;25;91174;Essonne;Ile-de-France;Versailles;48.61869569765931. 2.4593365780638576;99.0;SANS OBJET;06;MINISTERE DE L'EDUCATION NATIONALE;1977-03-11;48.6186956976593, 2.45933657806386;48.325547, 7.423552
0911749G;Collège privé d'Orsay;Collège;0.0;COLLEGE PRIVE;COURS SECONDAIRE;Privé;11 rue de Courtaboeuf;;;91400;ORSAY;Orsay;640421.6;6844176.5;EPSG:2154;48.6949879352466;2.19051108396667;Parfaite;Numéro de rue;340.0;COLLEGE;1.0;OUVERT;091;11;25;91471;Essonne;Ile-de-France;Versailles;48.69498793524664. 2.1905110839666717;30.0;CONTRAT D'ASSOCIATION TOUTES CLASSES;06;MINISTERE DE L'EDUCATION NATIONALE;1980-09-01;48.6949879352466, 2.19051108396667;48.694988, 2.190511
0911889J;Collège privé Cohen Tenoudji;Collège;0.0;COLLEGE PRIVE;COHEN TENOUDJI;Privé;1 bis avenue Armée Lecler;;;91600;SAVIGNY SUR ORGE;Savigny-sur-Orge;650840.2;6842553.3;EPSG:2154;48.6812652040957;2.33224714574948;Parfaite;Numéro de rue;340.0;COLLEGE;1.0;OUVERT;091;11;25;91589;Essonne;Ile-de-France;Versailles;48.68126520409567. 2.3322471457494784;30.0;CONTRAT D'ASSOCIATION TOUTES CLASSES;06;MINISTERE DE L'EDUCATION NATIONALE;1985-09-01;48.6812652040957, 2.33224714574948;48.681265, 2.332247
0911899V;Collège Roland Garros;Collège;0.0;COLLEGE;ROLAND GARROS;Public;38 route de Leuville;;;91180;ST GERMAIN LES ARPAJON;Saint-Germain-lès-Arpajon;645251.8;6833446.2;EPSG:2154;48.5989021796995;2.25750559898573;Parfaite;Numéro de rue;340.0;COLLEGE;1.0;OUVERT;091;11;25;91552;Essonne;Ile-de-France;Versailles;48.59890217969948. 2.2575055989857318;99.0;SANS OBJET;06;MINISTERE DE L'EDUCATION NATIONALE;1987-09-01;48.5989021796995, 2.25750559898573;48.732513, 5.638253
0912000E;Collège privé Beth Rivkah;Collège;0.0;COLLEGE PRIVE;BETH RIVKAH;Privé;43 rue Raymond Poincaré;;;91330;YERRES;Yerres;663193.8;6845740.2;EPSG:2154;48.7107506934892;2.49977046578879;Parfaite;Numéro de rue;340.0;COLLEGE;1.0;OUVERT;091;11;25;91691;Essonne;Ile-de-France;Versailles;48.71075069348924. 2.499770465788787;31.0;CONTRAT ASSOCIATION PARTIE DES CLASSES;06;MINISTERE DE L'EDUCATION NATIONALE;1990-09-01;48.7107506934892, 2.49977046578879;49.412924, 5.78347
0912117G;Lycée polyvalent privé Notre Dame de Sion;Lycèe;1.0;LYCEE POLYVALENT PRIVE;NOTRE DAME DE SION;Privé;1 avenue Ratisbonne;EVRY;;91000;EVRY COURCOURONNES;Evry-Courcouronnes;658378.6;6838357;EPSG:2154;48.6440510395519;2.43504757232683;Parfaite;Numéro de rue;306.0;LYCEE POLYVALENT;1.0;OUVERT;091;11;25;91228;Essonne;Ile-de-France;Versailles;48.644051039551854. 2.4350475723268343;30.0;CONTRAT D'ASSOCIATION TOUTES CLASSES;06;MINISTERE DE L'EDUCATION NATIONALE;1995-09-01;48.6440510395519, 2.43504757232683;48.644051, 2.435048
0912257J;Collège Rosa Parks;Collège;0.0;COLLEGE;ROSA PARKS;Public;Route de Lisses;;;91100;VILLABE;Villabé;659323;6832518.8;EPSG:2154;48.5915974427515;2.44841961016744;Parfaite;Numéro de rue;340.0;COLLEGE;1.0;OUVERT;091;11;25;91659;Essonne;Ile-de-France;Versailles;48.59159744275146. 2.448419610167444;99.0;SANS OBJET;06;MINISTERE DE L'EDUCATION NATIONALE;2006-07-11;48.5915974427515, 2.44841961016744;44.426359, 2.038132
0912379S;Ecole secondaire privée de la Trinité;Lycèe;1.0;COLLEGE PRIVE;DE LA TRINITE;Privé;4 route du Carmel;;;91640;BRIIS SOUS FORGES;Briis-sous-Forges;635243.5;6839115.2;EPSG:2154;48.6489679017823;2.12092761242319;Parfaite;Numéro de rue;340.0;COLLEGE;1.0;OUVERT;091;11;25;91111;Essonne;Ile-de-France;Versailles;48.64896790178231. 2.1209276124231855;10.0;HORS CONTRAT;06;MINISTERE DE L'EDUCATION NATIONALE;2017-09-01;48.6489679017823, 2.12092761242319;48.135883, -1.900319
0910624J;Collège Blaise Pascal;Collège;0.0;COLLEGE;BLAISE PASCAL;Public;2 allée d'Ajaccio;;;91300;MASSY;Massy;648178.8;6848419.4;EPSG:2154;48.7338171559693;2.29538738353542;Parfaite;Numéro de rue;340.0;COLLEGE;1.0;OUVERT;091;11;25;91377;Essonne;Ile-de-France;Versailles;48.73381715596929. 2.2953873835354233;99.0;SANS OBJET;06;MINISTERE DE L'EDUCATION NATIONALE;1965-05-01;48.7338171559693, 2.29538738353542;43.423532, 5.000683
0910819W;Lycée privé du Cours Secondaire d'Orsay;Lycèe;1.0;LYCEE GEN.ET TECHNOL.PRIVE;COURS SECONDAIRE;Privé;11 rue de Courtaboeuf;;;91400;ORSAY;Orsay;640421.6;6844176.5;EPSG:2154;48.6949879352466;2.19051108396667;Parfaite;Numéro de rue;300.0;LYCEE ENSEIGNT GENERAL ET TECHNOLOGIQUE;1.0;OUVERT;091;11;25;91471;Essonne;Ile-de-France;Versailles;48.69498793524664. 2.1905110839666717;30.0;CONTRAT D'ASSOCIATION TOUTES CLASSES;06;MINISTERE DE L'EDUCATION NATIONALE;1968-04-04;48.6949879352466, 2.19051108396667;48.694988, 2.190511
0910831J;Lycée agricole privé La Salle Igny;Lycèe;1.0;LYCEE AGRICOLE PRIVE;LA SALLE - IGNY;Privé;10 avenue de la division leclerc;;;91430;IGNY;Igny;643239.4;6849291.3;EPSG:2154;48.7412434698102;2.22811459107111;Parfaite;Numéro de rue;320.0;LYCEE PROFESSIONNEL;1.0;OUVERT;091;11;25;91312;Essonne;Ile-de-France;Versailles;48.74124346981016. 2.2281145910711135;99.0;SANS OBJET;03;AGRICULTURE;1968-04-01;48.7412434698102, 2.22811459107111;48.785031, 2.369632
0910975R;Lycée polyvalent Jean-Pierre Timbaud;Lycèe;1.0;LYCEE POLYVALENT;JEAN-PIERRE TIMBAUD;Public;4 rue Henri Douard;;;91220;BRETIGNY SUR ORGE;Brétigny-sur-Orge;649341.8;6834596.7;EPSG:2154;48.6095837395395;2.31283543369876;Parfaite;Numéro de rue;306.0;LYCEE POLYVALENT;1.0;OUVERT;091;11;25;91103;Essonne;Ile-de-France;Versailles;48.609583739539495. 2.312835433698756;99.0;SANS OBJET;06;MINISTERE DE L'EDUCATION NATIONALE;1995-09-01;48.6095837395395, 2.31283543369876;48.609584, 2.312836
0911028Y;Collège Ferdinand Buisson;Collège;0.0;COLLEGE;FERDINAND BUISSON;Public;3 rue Carnot;;;91261;JUVISY SUR ORGE CEDEX;Juvisy-sur-Orge;654301.9;6843562.6;EPSG:2154;48.6905971574776;2.37915869310437;Parfaite;Numéro de rue;340.0;COLLEGE;1.0;OUVERT;091;11;25;91326;Essonne;Ile-de-France;Versailles;48.690597157477605. 2.379158693104371;99.0;SANS OBJET;06;MINISTERE DE L'EDUCATION NATIONALE;1970-03-20;48.6905971574776, 2.37915869310437;49.126562, 4.080665
0911032C;Collège Pierre Mendès France;Collège;0.0;COLLEGE;PIERRE MENDES FRANCE;Public;7 route de Nozay;;;91460;MARCOUSSIS;Marcoussis;643154.9;6838452.3;EPSG:2154;48.6437493268503;2.2284058400962;Parfaite;Numéro de rue;340.0;COLLEGE;1.0;OUVERT;091;11;25;91363;Essonne;Ile-de-France;Versailles;48.64374932685035. 2.2284058400961975;99.0;SANS OBJET;06;MINISTERE DE L'EDUCATION NATIONALE;1970-03-20;48.6437493268503, 2.2284058400962;48.662231, 2.257692
0911037H;Lycée professionnel André-Marie Ampère. Lycée des métiers du numérique et de la transition énergétique;Lycèe;1.0;LP LYCEE DES METIERS;ANDRE-MARIE AMPERE;Public;12 bis route du Bois Pommier;;;91390;MORSANG SUR ORGE;Morsang-sur-Orge;651795.3;6839950.5;EPSG:2154;48.6579266141385;2.34551299897997;Parfaite;Numéro de rue;320.0;LYCEE PROFESSIONNEL;1.0;OUVERT;091;11;25;91434;Essonne;Ile-de-France;Versailles;48.657926614138525. 2.3455129989799697;99.0;SANS OBJET;06;MINISTERE DE L'EDUCATION NATIONALE;1970-03-20;48.6579266141385, 2.34551299897997;48.666345, 2.25756
0911256W;Collège du Pont de Bois;Collège;0.0;COLLEGE;DU PONT DE BOIS;Public;12 rue du Vieux Châtre;;;91530;ST CHERON;Saint-Chéron;635228.9;6827658.5;EPSG:2154;48.5459173798789;2.12245777720478;Parfaite;Numéro de rue;340.0;COLLEGE;1.0;OUVERT;091;11;25;91540;Essonne;Ile-de-France;Versailles;48.54591737987891. 2.1224577772047764;99.0;SANS OBJET;06;MINISTERE DE L'EDUCATION NATIONALE;1972-02-21;48.5459173798789, 2.12245777720478;48.545917, 2.122458
0910045E;Collège Charles Péguy;Collège;0.0;COLLEGE;CHARLES PEGUY;Public;31 avenue Général Leclerc;;;91120;PALAISEAU;Palaiseau;643783;6845283.9;EPSG:2154;48.7052491107577;2.23603376465745;Parfaite;Numéro de rue;340.0;COLLEGE;1.0;OUVERT;091;11;25;91477;Essonne;Ile-de-France;Versailles;48.705249110757656. 2.2360337646574475;99.0;SANS OBJET;06;MINISTERE DE L'EDUCATION NATIONALE;1965-05-01;48.7052491107577, 2.23603376465745;48.666472, 2.557687
0910049J;Collège Albert Camus;Collège;0.0;COLLEGE;ALBERT CAMUS;Public;72 route de Grigny;;;91130;RIS ORANGIS;Ris-Orangis;655822.7;6839258.5;EPSG:2154;48.651990116321;2.40026315382449;Parfaite;Numéro de rue;340.0;COLLEGE;1.0;OUVERT;091;11;25;91521;Essonne;Ile-de-France;Versailles;48.651990116320995. 2.4002631538244916;99.0;SANS OBJET;06;MINISTERE DE L'EDUCATION NATIONALE;1965-05-01;48.651990116321, 2.40026315382449;48.646002, 2.37026
0910056S;Collège Olivier de Serres;Collège;0.0;COLLEGE;OLIVIER DE SERRES;Public;20 avenue Olivier de Serres;;;91170;VIRY CHATILLON;Viry-Châtillon;653471.5;6839724.7;EPSG:2154;48.6560184535245;2.36829471339641;Parfaite;Numéro de rue;340.0;COLLEGE;1.0;OUVERT;091;11;25;91687;Essonne;Ile-de-France;Versailles;48.65601845352454. 2.3682947133964083;99.0;SANS OBJET;06;MINISTERE DE L'EDUCATION NATIONALE;1965-05-01;48.6560184535245, 2.36829471339641;48.128042, -1.685437
0911334F;Collège Aimé Césaire;Collège;0.0;COLLEGE;AIME CESAIRE;Public;1 rue de Vendée;;;91940;LES ULIS;Les Ulis;638386;6842824.7;EPSG:2154;48.6826389141944;2.16305018935742;Parfaite;Numéro de rue;340.0;COLLEGE;1.0;OUVERT;091;11;25;91692;Essonne;Ile-de-France;Versailles;48.68263891419444. 2.1630501893574183;99.0;SANS OBJET;06;MINISTERE DE L'EDUCATION NATIONALE;1973-03-29;48.6826389141944, 2.16305018935742;47.144588, -1.066705
0911490A;Collège Pablo Neruda;Collège;0.0;COLLEGE;PABLO NERUDA;Public;2 avenue des Cigognes;;;91220;BRETIGNY SUR ORGE;Brétigny-sur-Orge;649147.5;6833550.9;EPSG:2154;48.6001617238187;2.31032384189526;Parfaite;Numéro de rue;340.0;COLLEGE;1.0;OUVERT;091;11;25;91103;Essonne;Ile-de-France;Versailles;48.60016172381874. 2.3103238418952583;99.0;SANS OBJET;06;MINISTERE DE L'EDUCATION NATIONALE;1976-03-01;48.6001617238187, 2.31032384189526;48.321629, 7.433599
0911729K;Collège Les Pyramides;Collège;0.0;COLLEGE;LES PYRAMIDES;Public;400 square Jacques Prévert;EVRY COURCOURONNES;40239;91000;EVRY COURCOURONNES;Evry-Courcouronnes;658031.1;6837257.1;EPSG:2154;48.6341353459913;2.4304385940383;Parfaite;Numéro de rue;340.0;COLLEGE;1.0;OUVERT;091;11;25;91228;Essonne;Ile-de-France;Versailles;48.634135345991254. 2.430438594038297;99.0;SANS OBJET;06;MINISTERE DE L'EDUCATION NATIONALE;1980-09-01;48.6341353459913, 2.4304385940383;49.278202, -0.692987
0911745C;Collège privé Saint Charles;Collège;0.0;COLLEGE PRIVE;SAINT CHARLES;Privé;2 rue G. Anthonioz de Gaulle;;;91200;ATHIS MONS;Athis-Mons;655119.3;6845638.2;EPSG:2154;48.7093227539046;2.39004539167258;Parfaite;Numéro de rue;340.0;COLLEGE;1.0;OUVERT;091;11;25;91027;Essonne;Ile-de-France;Versailles;48.709322753904594. 2.3900453916725817;30.0;CONTRAT D'ASSOCIATION TOUTES CLASSES;06;MINISTERE DE L'EDUCATION NATIONALE;1980-09-01;48.7093227539046, 2.39004539167258;49.416887, 1.050675
0911746D;Collège privé Saint Pierre;Collège;0.0;COLLEGE PRIVE;SAINT PIERRE;Privé;70 rue de Montgeron;;201;91800;BRUNOY;Brunoy;662459.9;6843942.2;EPSG:2154;48.6945368257152;2.48995421731254;Parfaite;Numéro de rue;340.0;COLLEGE;1.0;OUVERT;091;11;25;91114;Essonne;Ile-de-France;Versailles;48.694536825715204. 2.4899542173125426;30.0;CONTRAT D'ASSOCIATION TOUTES CLASSES;06;MINISTERE DE L'EDUCATION NATIONALE;1990-09-01;48.6945368257152, 2.48995421731254;48.701843, 2.452596
0911927A;Lycée général et technologique Maurice Eliot;Lycèe;1.0;LYCEE GENERAL ET TECHNOLOGIQUE;MAURICE ELIOT;Public;Rue de Provence;;;91860;EPINAY SOUS SENART;Epinay-sous-Sénart;664948.4;6844434.4;EPSG:2154;48.6991036067524;2.52372351610206;Correcte;Rue;300.0;LYCEE ENSEIGNT GENERAL ET TECHNOLOGIQUE;1.0;OUVERT;091;11;25;91215;Essonne;Ile-de-France;Versailles;48.699103606752416. 2.52372351610206;99.0;SANS OBJET;06;MINISTERE DE L'EDUCATION NATIONALE;1988-09-01;48.6991036067524, 2.52372351610206;43.182876, 6.038339
0911946W;Lycée polyvalent Léonard de Vinci;Lycèe;1.0;LYCEE POLYVALENT;LEONARD DE VINCI;Public;1 place Léonard de Vinci;;;91240;ST MICHEL SUR ORGE;Saint-Michel-sur-Orge;650337.1;6836447.2;EPSG:2154;48.6263056383518;2.32612152762058;Parfaite;Numéro de rue;306.0;LYCEE POLYVALENT;1.0;OUVERT;091;11;25;91570;Essonne;Ile-de-France;Versailles;48.62630563835178. 2.3261215276205776;99.0;SANS OBJET;06;MINISTERE DE L'EDUCATION NATIONALE;1990-09-01;48.6263056383518, 2.32612152762058;48.123246, -1.185204
0911962N;Lycée polyvalent Marie Laurencin;Lycèe;1.0;LYCEE POLYVALENT;MARIE LAURENCIN;Public;11 rue Paul Cézanne;;;91542;MENNECY CEDEX;Mennecy;658596.6;6829419;EPSG:2154;48.5636682864543;2.4388686466925;Parfaite;Numéro de rue;306.0;LYCEE POLYVALENT;1.0;OUVERT;091;11;25;91386;Essonne;Ile-de-France;Versailles;48.56366828645428. 2.4388686466924994;99.0;SANS OBJET;06;MINISTERE DE L'EDUCATION NATIONALE;1991-09-01;48.5636682864543, 2.4388686466925;47.957926, -1.504826
0912233H;Collège Olympe de Gouges;Collège;0.0;COLLEGE;OLYMPE DE GOUGES;Public;36 rue du Vivier;;;91750;CHAMPCUEIL;Champcueil;659160;6824326;EPSG:2154;48.5178904639482;2.44698743684956;Parfaite;Numéro de rue;340.0;COLLEGE;1.0;OUVERT;091;11;25;91135;Essonne;Ile-de-France;Versailles;48.51789046394825. 2.4469874368495574;99.0;SANS OBJET;06;MINISTERE DE L'EDUCATION NATIONALE;2004-09-01;48.5178904639482, 2.44698743684956;48.11956, 4.790393
0910676R;Lycée polyvalent Clément Ader;Lycèe;1.0;LYCEE POLYVALENT;CLEMENT ADER;Public;37 bis rue G. Anthonioz de Gaulle;;;91200;ATHIS MONS;Athis-Mons;655316;6845838.4;EPSG:2154;48.7111370085633;2.39269762693043;Parfaite;Numéro de rue;306.0;LYCEE POLYVALENT;1.0;OUVERT;091;11;25;91027;Essonne;Ile-de-France;Versailles;48.7111370085633. 2.3926976269304268;99.0;SANS OBJET;06;MINISTERE DE L'EDUCATION NATIONALE;1965-12-15;48.7111370085633, 2.39269762693043;48.711137, 2.392698
0910687C;Lycée général et technologique Fustel de Coulanges;Lycèe;1.0;LYCEE GENERAL ET TECHNOLOGIQUE;FUSTEL DE COULANGES;Public;11 rue des Migneaux;;;91300;MASSY;Massy;646004.8;6848464.8;EPSG:2154;48.7340473347811;2.26582344548407;Parfaite;Numéro de rue;300.0;LYCEE ENSEIGNT GENERAL ET TECHNOLOGIQUE;1.0;OUVERT;091;11;25;91377;Essonne;Ile-de-France;Versailles;48.73404733478106. 2.2658234454840724;99.0;SANS OBJET;06;MINISTERE DE L'EDUCATION NATIONALE;1966-05-04;48.7340473347811, 2.26582344548407;48.747059, 2.263575
0910773W;Collège Le Saussay;Collège;0.0;COLLEGE;LE SAUSSAY;Public;23 rue de Verdun;;;91610;BALLANCOURT SUR ESSONNE;Ballancourt-sur-Essonne;653622.8;6825604.2;EPSG:2154;48.5290159698614;2.37187376143818;Parfaite;Numéro de rue;340.0;COLLEGE;1.0;OUVERT;091;11;25;91045;Essonne;Ile-de-France;Versailles;48.52901596986136. 2.371873761438175;99.0;SANS OBJET;06;MINISTERE DE L'EDUCATION NATIONALE;1968-04-24;48.5290159698614, 2.37187376143818;47.917746, 1.079149
0911022S;Collège André Dunoyer de Segonzac;Collège;0.0;COLLEGE;ANDRE DUNOYER DE SEGONZAC;Public;Place Jules Ferry;;40;91800;BOUSSY ST ANTOINE;Boussy-Saint-Antoine;665176.3;6842389.5;EPSG:2154;48.6807233678049;2.52698656174498;Correcte;Rue;340.0;COLLEGE;1.0;OUVERT;091;11;25;91097;Essonne;Ile-de-France;Versailles;48.68072336780491. 2.52698656174498;99.0;SANS OBJET;06;MINISTERE DE L'EDUCATION NATIONALE;1970-03-20;48.6807233678049, 2.52698656174498;48.980272, 1.714071
0911146B;Collège Henri Wallon;Collège;0.0;COLLEGE;HENRI WALLON;Public;57 rue Gaston Grinbaum;;;91270;VIGNEUX SUR SEINE;Vigneux-sur-Seine;658503.9;6843411.1;EPSG:2154;48.6895180206797;2.43625851856144;Parfaite;Numéro de rue;340.0;COLLEGE;1.0;OUVERT;091;11;25;91657;Essonne;Ile-de-France;Versailles;48.68951802067975. 2.436258518561435;99.0;SANS OBJET;06;MINISTERE DE L'EDUCATION NATIONALE;1971-03-15;48.6895180206797, 2.43625851856144;48.689518, 2.436259
0911403F;Collège Hubert Robert;Collège;0.0;COLLEGE;HUBERT ROBERT;Public;Rue de Chartres;MEREVILLE;;91660;LE MEREVILLOIS;Le Mérévillois;632159.5;6802021.6;EPSG:2154;48.3149790814358;2.08490122489074;Correcte;Rue;340.0;COLLEGE;1.0;OUVERT;091;11;25;91390;Essonne;Ile-de-France;Versailles;48.31497908143583. 2.084901224890741;99.0;SANS OBJET;06;MINISTERE DE L'EDUCATION NATIONALE;1974-03-21;48.3149790814358, 2.08490122489074;48.67197, 2.124449
0911441X;Collège Pierre Ronsard;Collège;0.0;COLLEGE;PIERRE RONSARD;Public;36 rue Henri Dugrés;;;91550;PARAY VIEILLE POSTE;Paray-Vieille-Poste;653173.2;6846185.7;EPSG:2154;48.714108861116;2.36353791724318;Parfaite;Numéro de rue;340.0;COLLEGE;1.0;OUVERT;091;11;25;91479;Essonne;Ile-de-France;Versailles;48.71410886111601. 2.3635379172431796;99.0;SANS OBJET;06;MINISTERE DE L'EDUCATION NATIONALE;1975-04-25;48.714108861116, 2.36353791724318;48.714109, 2.363538
0911750H;Collège privé Ile de France;Collège;0.0;COLLEGE PRIVE;ILE DE FRANCE;Privé;Rue du Baron de Nivière;;;91140;VILLEBON SUR YVETTE;Villebon-sur-Yvette;645257.2;6844725;EPSG:2154;48.700348955175;2.25613789191581;Correcte;Rue;340.0;COLLEGE;1.0;OUVERT;091;11;25;91661;Essonne;Ile-de-France;Versailles;48.70034895517498. 2.2561378919158095;30.0;CONTRAT D'ASSOCIATION TOUTES CLASSES;06;MINISTERE DE L'EDUCATION NATIONALE;1980-09-01;48.700348955175, 2.25613789191581;48.700349, 2.25614
0911948Y;Collège Camille Claudel;Collège;0.0;COLLEGE;CAMILLE CLAUDEL;Public;Place Margurite Yourcenar;;;91280;ST PIERRE DU PERRAY;Saint-Pierre-du-Perray;663515.5;6834960.7;EPSG:2154;48.6138121820368;2.50506081861987;Correcte;Rue;340.0;COLLEGE;1.0;OUVERT;091;11;25;91573;Essonne;Ile-de-France;Versailles;48.61381218203681. 2.5050608186198726;99.0;SANS OBJET;06;MINISTERE DE L'EDUCATION NATIONALE;1990-09-01;48.6138121820368, 2.50506081861987;48.662525, 2.566375
0912161E;Lycée polyvalent privé Saint Léon;Lycèe;1.0;LYCEE POLYVALENT PRIVE;SAINT LEON;Privé;4 quai de l'Essonne;;;91100;CORBEIL ESSONNES;Corbeil-Essonnes;661909.9;6834424.2;EPSG:2154;48.6088938913818;2.48332789904739;Parfaite;Numéro de rue;306.0;LYCEE POLYVALENT;1.0;OUVERT;091;11;25;91174;Essonne;Ile-de-France;Versailles;48.60889389138185. 2.483327899047391;30.0;CONTRAT D'ASSOCIATION TOUTES CLASSES;06;MINISTERE DE L'EDUCATION NATIONALE;1998-09-01;48.6088938913818, 2.48332789904739;48.811984, 3.083692
0912364A;Lycée polyvalent Nikola Tesla;Lycèe;1.0;LYCEE POLYVALENT;NIKOLA TESLA;Public;21 chemin du Champ de Courses;;;91410;DOURDAN;Dourdan;625443.8;6826484;EPSG:2154;48.5343007797215;1.9901027277716;Parfaite;Numéro de rue;306.0;LYCEE POLYVALENT;1.0;OUVERT;091;11;25;91200;Essonne;Ile-de-France;Versailles;48.53430077972147. 1.9901027277715995;99.0;SANS OBJET;06;MINISTERE DE L'EDUCATION NATIONALE;2017-06-01;48.5343007797215, 1.9901027277716;47.823898, -1.792048
0912443L;Ecole générale et technologique privée Groupe Scolaire Excellence;Lycèe;1.0;ECOLE GEN.ET TECHNOL.PRIVEE;GROUPE SCOLAIRE EXCELLENCE;Privé;22 rue Robinson;;;91100;CORBEIL ESSONNES;Corbeil-Essonnes;660508;6834115;EPSG:2154;48.6060286283824;2.46434088998787;Parfaite;Numéro de rue;300.0;LYCEE ENSEIGNT GENERAL ET TECHNOLOGIQUE;1.0;OUVERT;091;11;25;91174;Essonne;Ile-de-France;Versailles;48.606028628382425. 2.4643408899878723;10.0;HORS CONTRAT;06;MINISTERE DE L'EDUCATION NATIONALE;2019-09-01;48.6060286283824, 2.46434088998787;49.091009, 2.503393
0910028L;Collège Michel Vignaud;Collège;0.0;COLLEGE;MICHEL VIGNAUD;Public;Route d'Arpajon;;;91470;LIMOURS;Limours;632389.4;6838531.1;EPSG:2154;48.6434222700672;2.08227864349812;Correcte;Rue;340.0;COLLEGE;1.0;OUVERT;091;11;25;91338;Essonne;Ile-de-France;Versailles;48.643422270067234. 2.0822786434981175;99.0;SANS OBJET;06;MINISTERE DE L'EDUCATION NATIONALE;1965-05-01;48.6434222700672, 2.08227864349812;48.601862, 2.258861
0910628N;Lycée professionnel Paul Belmondo;Lycèe;1.0;LYCEE PROFESSIONNEL;PAUL BELMONDO;Public;23 avenue de la Division Leclerc;;;91290;ARPAJON;Arpajon;644416.2;6833200.6;EPSG:2154;48.5966218408292;2.24620568147023;Parfaite;Numéro de rue;320.0;LYCEE PROFESSIONNEL;1.0;OUVERT;091;11;25;91021;Essonne;Ile-de-France;Versailles;48.59662184082922. 2.246205681470227;99.0;SANS OBJET;06;MINISTERE DE L'EDUCATION NATIONALE;1965-05-01;48.5966218408292, 2.24620568147023;48.657844, 2.274902
0911036G;Collège Jean Vilar;Collège;0.0;COLLEGE;JEAN VILAR;Public;8 rue du Minotaure;;85;91350;GRIGNY;Grigny;654173.5;6839150.1;EPSG:2154;48.6509003380368;2.37788664768873;Parfaite;Numéro de rue;340.0;COLLEGE;1.0;OUVERT;091;11;25;91286;Essonne;Ile-de-France;Versailles;48.650900338036756. 2.377886647688734;99.0;SANS OBJET;06;MINISTERE DE L'EDUCATION NATIONALE;1970-03-20;48.6509003380368, 2.37788664768873;48.6509, 2.377886
0911152H;Collège Jean Moulin;Collège;0.0;COLLEGE;JEAN MOULIN;Public;4 rue de la Commune de Paris;;;91290;LA NORVILLE;La Norville;644563.4;6831395;EPSG:2154;48.5803933258829;2.2484348545453;Parfaite;Numéro de rue;340.0;COLLEGE;1.0;OUVERT;091;11;25;91457;Essonne;Ile-de-France;Versailles;48.580393325882895. 2.248434854545303;99.0;SANS OBJET;06;MINISTERE DE L'EDUCATION NATIONALE;1971-03-15;48.5803933258829, 2.2484348545453;49.506068, 0.232529
0911252S;Collège Les Gâtines-René Cassin;Collège;0.0;COLLEGE;LES GATINES-RENE CASSIN;Public;6 avenue du Mal de Lattre de Tassigny;;;91600;SAVIGNY SUR ORGE;Savigny-sur-Orge;650965.8;6842962.4;EPSG:2154;48.6849542935511;2.33390625378079;Parfaite;Numéro de rue;340.0;COLLEGE;1.0;OUVERT;091;11;25;91589;Essonne;Ile-de-France;Versailles;48.68495429355105. 2.333906253780792;99.0;SANS OBJET;06;MINISTERE DE L'EDUCATION NATIONALE;1972-02-21;48.6849542935511, 2.33390625378079;47.940972, -1.236034
0911920T;Collège Jean Monnet;Collège;0.0;COLLEGE;JEAN MONNET;Public;365 rue Fontaine de Ville;;;91640;BRIIS SOUS FORGES;Briis-sous-Forges;635558.4;6835990.5;EPSG:2154;48.6208946106427;2.12567170584497;Parfaite;Numéro de rue;340.0;COLLEGE;1.0;OUVERT;091;11;25;91111;Essonne;Ile-de-France;Versailles;48.620894610642715. 2.125671705844974;99.0;SANS OBJET;06;MINISTERE DE L'EDUCATION NATIONALE;1988-09-01;48.6208946106427, 2.12567170584497;48.620895, 2.125672
0912163G;Lycée polyvalent Paul Langevin. lycée des métiers de la gestion et de la relation client;Lycèe;1.0;LPO LYCEE DES METIERS;PAUL LANGEVIN;Public;Rue Paul Langevin;;82;91700;STE GENEVIEVE DES BOIS;Sainte-Geneviève-des-Bois;650883.7;6836581.4;EPSG:2154;48.6275544517728;2.33352264785826;Correcte;Rue;306.0;LYCEE POLYVALENT;1.0;OUVERT;091;11;25;91549;Essonne;Ile-de-France;Versailles;48.62755445177284. 2.333522647858262;99.0;SANS OBJET;06;MINISTERE DE L'EDUCATION NATIONALE;1999-09-01;48.6275544517728, 2.33352264785826;48.094416, -1.658377
0912196T;Collège Sonia Delaunay;Collège;0.0;COLLEGE;SONIA DELAUNAY;Public;8 promenade du Canal;;;91350;GRIGNY;Grigny;654653.9;6839428.7;EPSG:2154;48.6534400800827;2.38437852101383;Parfaite;Numéro de rue;340.0;COLLEGE;1.0;OUVERT;091;11;25;91286;Essonne;Ile-de-France;Versailles;48.65344008008271. 2.38437852101383;99.0;SANS OBJET;06;MINISTERE DE L'EDUCATION NATIONALE;2002-09-01;48.6534400800827, 2.38437852101383;47.260375, 4.556932
0910009R;Collège Louis Pasteur;Collège;0.0;COLLEGE;LOUIS PASTEUR;Public;18 rue de Soulins;;82;91805;BRUNOY CEDEX;Brunoy;662866.4;6844771.1;EPSG:2154;48.7020156667127;2.49540508973281;Parfaite;Numéro de rue;340.0;COLLEGE;1.0;OUVERT;091;11;25;91114;Essonne;Ile-de-France;Versailles;48.70201566671271. 2.4954050897328113;99.0;SANS OBJET;06;MINISTERE DE L'EDUCATION NATIONALE;1965-05-01;48.7020156667127, 2.49540508973281;48.702016, 2.495405
0910715H;Lycée professionnel Jean Perrin. lycée des métiers de l'Industrie. du service à la personne et aux entreprises;Lycèe;1.0;LP LYCEE DES METIERS;JEAN PERRIN;Public;26 rue Léontine Sohier;;362;91163;LONGJUMEAU CEDEX;Longjumeau;648527.1;6843786.3;EPSG:2154;48.6921749633677;2.30068087040473;Parfaite;Numéro de rue;320.0;LYCEE PROFESSIONNEL;1.0;OUVERT;091;11;25;91345;Essonne;Ile-de-France;Versailles;48.69217496336768. 2.300680870404728;99.0;SANS OBJET;06;MINISTERE DE L'EDUCATION NATIONALE;1966-12-14;48.6921749633677, 2.30068087040473;48.692175, 2.300681
0910727W;Lycée polyvalent Parc de Vilgenis. lycée des métiers de la mécatronique. de l'informatique et des services aux entreprises;Lycèe;1.0;LPO LYCEE DES METIERS;PARC DE VILGENIS;Public;80 rue de Versailles;;112;91300;MASSY;Massy;645171.2;6848194.7;EPSG:2154;48.7315478645869;2.25452426698407;Parfaite;Numéro de rue;306.0;LYCEE POLYVALENT;1.0;OUVERT;091;11;25;91377;Essonne;Ile-de-France;Versailles;48.73154786458686. 2.254524266984075;99.0;SANS OBJET;06;MINISTERE DE L'EDUCATION NATIONALE;1967-10-09;48.7315478645869, 2.25452426698407;48.821103, 2.175561
0910777A;Collège Les Dines Chiens;Collège;0.0;COLLEGE;LES DINES CHIENS;Public;5 avenue de Carlet;;;91380;CHILLY MAZARIN;Chilly-Mazarin;649226.4;6845082.2;EPSG:2154;48.7038857617527;2.31002734660212;Parfaite;Numéro de rue;340.0;COLLEGE;1.0;OUVERT;091;11;25;91161;Essonne;Ile-de-France;Versailles;48.70388576175272. 2.3100273466021157;99.0;SANS OBJET;06;MINISTERE DE L'EDUCATION NATIONALE;1968-04-30;48.7038857617527, 2.31002734660212;48.703886, 2.310028
0911404G;Collège Jean Rostand;Collège;0.0;COLLEGE;JEAN ROSTAND;Public;Rue de l'Hermite;;;91490;MILLY LA FORET;Milly-la-Forêt;661236.6;6811347.5;EPSG:2154;48.4012633774628;2.47627134269565;Correcte;Rue;340.0;COLLEGE;1.0;OUVERT;091;11;25;91405;Essonne;Ile-de-France;Versailles;48.401263377462776. 2.4762713426956497;99.0;SANS OBJET;06;MINISTERE DE L'EDUCATION NATIONALE;1974-03-21;48.4012633774628, 2.47627134269565;49.080377, 2.50111
0911493D;Lycée professionnel Les Frères Moreau;Lycèe;1.0;LYCEE PROFESSIONNEL;LES FRERES MOREAU;Public;Rue de Brunoy;;;91480;QUINCY SOUS SENART;Quincy-sous-Sénart;665512.5;6841843.7;EPSG:2154;48.6758322243407;2.53159706584859;Correcte;Rue;320.0;LYCEE PROFESSIONNEL;1.0;OUVERT;091;11;25;91514;Essonne;Ile-de-France;Versailles;48.675832224340674. 2.531597065848594;99.0;SANS OBJET;06;MINISTERE DE L'EDUCATION NATIONALE;1976-03-01;48.6758322243407, 2.53159706584859;48.69919, 2.504276
0911747E;Collège privé Jeanne d'Arc;Collège;0.0;COLLEGE PRIVE;JEANNE D ARC;Privé;11 boulevard Henri IV;;22;91150;ETAMPES;Etampes;637724.5;6815417.9;EPSG:2154;48.4360521637676;2.15803470775465;Parfaite;Numéro de rue;340.0;COLLEGE;1.0;OUVERT;091;11;25;91223;Essonne;Ile-de-France;Versailles;48.436052163767634. 2.1580347077546507;30.0;CONTRAT D'ASSOCIATION TOUTES CLASSES;06;MINISTERE DE L'EDUCATION NATIONALE;1980-09-01;48.4360521637676, 2.15803470775465;48.951492, 2.559444
0911828T;Lycée polyvalent Georges Brassens. lycée des métiers du numérique et des arts appliqués;Lycèe;1.0;LPO LYCEE DES METIERS;GEORGES BRASSENS;Public;8 rue Georges Brassens;COURCOURONNES;;91080;EVRY COURCOURONNES;Evry-Courcouronnes;657276.1;6836434.6;EPSG:2154;48.6266877585503;2.42027477647667;Parfaite;Numéro de rue;306.0;LYCEE POLYVALENT;1.0;OUVERT;091;11;25;91228;Essonne;Ile-de-France;Versailles;48.626687758550254. 2.4202747764766652;99.0;SANS OBJET;06;MINISTERE DE L'EDUCATION NATIONALE;1983-09-01;48.6266877585503, 2.42027477647667;48.653159, 2.565919
0911938M;Lycée général et technologique Camille Claudel;Lycèe;1.0;LYCEE GENERAL ET TECHNOLOGIQUE;CAMILLE CLAUDEL;Public;17 rue Robespierre;;;91120;PALAISEAU;Palaiseau;643617.1;6846810.5;EPSG:2154;48.718964780351;2.23357803591462;Parfaite;Numéro de rue;300.0;LYCEE ENSEIGNT GENERAL ET TECHNOLOGIQUE;1.0;OUVERT;091;11;25;91477;Essonne;Ile-de-France;Versailles;48.718964780351044. 2.233578035914618;99.0;SANS OBJET;06;MINISTERE DE L'EDUCATION NATIONALE;1988-09-01;48.718964780351, 2.23357803591462;48.97379, 1.706977
0912174U;Collège Louise Weiss;Collège;0.0;COLLEGE;LOUISE WEISS;Public;20 rue du Bois Clair;;;91620;NOZAY;Nozay;644376.9;6840580.6;EPSG:2154;48.662998326659;2.24471547375668;Parfaite;Numéro de rue;340.0;COLLEGE;1.0;OUVERT;091;11;25;91458;Essonne;Ile-de-France;Versailles;48.66299832665903. 2.2447154737566803;99.0;SANS OBJET;06;MINISTERE DE L'EDUCATION NATIONALE;2000-09-01;48.662998326659, 2.24471547375668;47.18982, 0.613826
0912404U;Ecole 2D degré Général privée A L'Ere Libre;Lycèe;1.0;ECOLE 2D DEGRE GENERAL PRIVEE;A L'ERE LIBRE;Privé;19 rue de l'Alun;;;91150;ETAMPES;Etampes;638790.7;6814984.5;EPSG:2154;48.4322547481763;2.17251007957914;Parfaite;Numéro de rue;302.0;LYCEE ENSEIGNT GENERAL ET TECHNOLOGIQUE;1.0;OUVERT;091;11;25;91223;Essonne;Ile-de-France;Versailles;48.432254748176305. 2.172510079579137;10.0;HORS CONTRAT;06;MINISTERE DE L'EDUCATION NATIONALE;2019-09-01;48.4322547481763, 2.17251007957914;48.56614, 2.292196
0912432Z;Ecole secondaire privée Crayons Miel;Collège;0.0;ECOLE SECONDAIRE PRIVEE;CRAYONS DE MIEL;Privé;116 rue Georges Coubard;;;91800;BOUSSY ST ANTOINE;Boussy-Saint-Antoine;665786.2;6843687.9;EPSG:2154;48.6924342563841;2.53516687568131;Parfaite;Numéro de rue;340.0;COLLEGE;1.0;OUVERT;091;11;25;91097;Essonne;Ile-de-France;Versailles;48.69243425638411. 2.5351668756813073;10.0;HORS CONTRAT;06;MINISTERE DE L'EDUCATION NATIONALE;2020-09-01;48.6924342563841, 2.53516687568131;48.692434, 2.535167
